username,jwt
user,eyJ0eXAiOiJKV1QiLCJhbGciOiJIUzI1NiJ9.eyJzdWIiOiJ1c2VyIiwicm9sZXMiOlsiVVNFUiJdLCJpc3MiOiJxIiwiZXhwIjoxNTQ2MjUxMTc2LCJpYXQiOjE1NDYyNDkzNzZ9.tWXM35YBN1xMTdW_ChFFQaKqAWaHIojXoRkHzYv024g
pwnerer,eyJ0eXAiOiJKV1QiLCJhbGciOiJIUzI1NiJ9.eyJzdWIiOiJwd25lcmVyIiwicm9sZXMiOlsiVVNFUiJdLCJpc3MiOiJxIiwiZXhwIjoxNTQ2MjUxMTc2LCJpYXQiOjE1NDYyNDkzNzZ9.COxwCsT8pDTLHDnhvDIgd9qin9Rw3tgDHOqkM4K6BlQ
someuser,eyJ0eXAiOiJKV1QiLCJhbGciOiJIUzI1NiJ9.eyJzdWIiOiJzb21ldXNlciIsInJvbGVzIjpbIlVTRVIiXSwiaXNzIjoicSIsImV4cCI6MTU0NjI1MTE3NiwiaWF0IjoxNTQ2MjQ5Mzc2fQ.miVV0i-jKOdW6j5eIQM2eOxbssAZlwmkAlbAvHAOHpQ
yourmom,eyJ0eXAiOiJKV1QiLCJhbGciOiJIUzI1NiJ9.eyJzdWIiOiJ5b3VybW9tIiwicm9sZXMiOlsiVVNFUiJdLCJpc3MiOiJxIiwiZXhwIjoxNTQ2MjUxMTc2LCJpYXQiOjE1NDYyNDkzNzZ9.H_mTMdqz4AJXY05gThdK5zLQG1kehdCwu1VWA9DBiEU
thriftyhassium,eyJ0eXAiOiJKV1QiLCJhbGciOiJIUzI1NiJ9.eyJzdWIiOiJ0aHJpZnR5aGFzc2l1bSIsInJvbGVzIjpbIlVTRVIiXSwiaXNzIjoiYWJjIiwiZXhwIjoxNTQ2MjkyOTk3LCJpYXQiOjE1NDYyOTExOTd9.1y9l1ROLk_7hvt35NdXmnlbmVulQ7pCZm4oWq2OhfRA
acridfuppet,eyJ0eXAiOiJKV1QiLCJhbGciOiJIUzI1NiJ9.eyJzdWIiOiJhY3JpZGZ1cHBldCIsInJvbGVzIjpbIlVTRVIiXSwiaXNzIjoiYWJjIiwiZXhwIjoxNTQ2MjkyOTk3LCJpYXQiOjE1NDYyOTExOTd9.TNfmTtNYq75afYBPU4mHyYhxwWyOgTgvtX7k3h70LdA
trickreset,eyJ0eXAiOiJKV1QiLCJhbGciOiJIUzI1NiJ9.eyJzdWIiOiJ0cmlja3Jlc2V0Iiwicm9sZXMiOlsiVVNFUiJdLCJpc3MiOiJhYmMiLCJleHAiOjE1NDYyOTI5OTcsImlhdCI6MTU0NjI5MTE5N30.3AMp9t47fL73inhQRK7FJaH-p9aApE_sfazpk2mRGHI
pallascannich,eyJ0eXAiOiJKV1QiLCJhbGciOiJIUzI1NiJ9.eyJzdWIiOiJwYWxsYXNjYW5uaWNoIiwicm9sZXMiOlsiVVNFUiJdLCJpc3MiOiJhYmMiLCJleHAiOjE1NDYyOTI5OTcsImlhdCI6MTU0NjI5MTE5N30.x80MgAxt8BqsRRYrd2d7zvDpmuJezqcvf2Ym5JhXVdE
viruscheese,eyJ0eXAiOiJKV1QiLCJhbGciOiJIUzI1NiJ9.eyJzdWIiOiJ2aXJ1c2NoZWVzZSIsInJvbGVzIjpbIlVTRVIiXSwiaXNzIjoiYWJjIiwiZXhwIjoxNTQ2MjkyOTk3LCJpYXQiOjE1NDYyOTExOTd9.rL-Uxfc1rHWMc0q4H2SBpxrTLlPN9dFPzqi-pesvrvU
compilerfreedom,eyJ0eXAiOiJKV1QiLCJhbGciOiJIUzI1NiJ9.eyJzdWIiOiJjb21waWxlcmZyZWVkb20iLCJyb2xlcyI6WyJVU0VSIl0sImlzcyI6ImFiYyIsImV4cCI6MTU0NjI5Mjk5NywiaWF0IjoxNTQ2MjkxMTk3fQ.4plfzzzwrZOqid4QPXZEMaopeg2NL0DHzjqlNkok-1U
cheltedequine,eyJ0eXAiOiJKV1QiLCJhbGciOiJIUzI1NiJ9.eyJzdWIiOiJjaGVsdGVkZXF1aW5lIiwicm9sZXMiOlsiVVNFUiJdLCJpc3MiOiJhYmMiLCJleHAiOjE1NDYyOTI5OTcsImlhdCI6MTU0NjI5MTE5N30.AOa7Z907IKiJRptWGbfVbPRzUvIKnb5oUPOCjhcSp3w
stopwatchmoaner,eyJ0eXAiOiJKV1QiLCJhbGciOiJIUzI1NiJ9.eyJzdWIiOiJzdG9wd2F0Y2htb2FuZXIiLCJyb2xlcyI6WyJVU0VSIl0sImlzcyI6ImFiYyIsImV4cCI6MTU0NjI5Mjk5NywiaWF0IjoxNTQ2MjkxMTk3fQ.Vf9b_Wf3G1P_lDUM5WXE7SksraTN0PP1RxnqeaVd-gA
monkhoodreactive,eyJ0eXAiOiJKV1QiLCJhbGciOiJIUzI1NiJ9.eyJzdWIiOiJtb25raG9vZHJlYWN0aXZlIiwicm9sZXMiOlsiVVNFUiJdLCJpc3MiOiJhYmMiLCJleHAiOjE1NDYyOTI5OTgsImlhdCI6MTU0NjI5MTE5OH0.ktNe17nzc9jFnWtGiOrtaiC9BKBViGfa7hAO4JsWvSc
earmuffwholesaler,eyJ0eXAiOiJKV1QiLCJhbGciOiJIUzI1NiJ9.eyJzdWIiOiJlYXJtdWZmd2hvbGVzYWxlciIsInJvbGVzIjpbIlVTRVIiXSwiaXNzIjoiYWJjIiwiZXhwIjoxNTQ2MjkyOTk4LCJpYXQiOjE1NDYyOTExOTh9.4w_zRUxqqdzwXMtXoDQUkAtR8tICgHV3GsYODfx_rEM
cannonvent,eyJ0eXAiOiJKV1QiLCJhbGciOiJIUzI1NiJ9.eyJzdWIiOiJjYW5ub252ZW50Iiwicm9sZXMiOlsiVVNFUiJdLCJpc3MiOiJhYmMiLCJleHAiOjE1NDYyOTI5OTgsImlhdCI6MTU0NjI5MTE5OH0.bLdhuU3PoB28jkWBklDQYhlu0iscdz0TR5t6E1iOnaQ
pilezoom,eyJ0eXAiOiJKV1QiLCJhbGciOiJIUzI1NiJ9.eyJzdWIiOiJwaWxlem9vbSIsInJvbGVzIjpbIlVTRVIiXSwiaXNzIjoiYWJjIiwiZXhwIjoxNTQ2MjkyOTk4LCJpYXQiOjE1NDYyOTExOTh9.l_0uAac0AS6TrsNvykDyh8FLrRM0CsUGIApY7qJs7aM
holidaywakefield,eyJ0eXAiOiJKV1QiLCJhbGciOiJIUzI1NiJ9.eyJzdWIiOiJob2xpZGF5d2FrZWZpZWxkIiwicm9sZXMiOlsiVVNFUiJdLCJpc3MiOiJhYmMiLCJleHAiOjE1NDYyOTI5OTgsImlhdCI6MTU0NjI5MTE5OH0.gTuWB2XrUvcSM4FWhpOKg8lOO8rW2RgHtrRiBUc8ca8
mizzenrigid,eyJ0eXAiOiJKV1QiLCJhbGciOiJIUzI1NiJ9.eyJzdWIiOiJtaXp6ZW5yaWdpZCIsInJvbGVzIjpbIlVTRVIiXSwiaXNzIjoiYWJjIiwiZXhwIjoxNTQ2MjkyOTk4LCJpYXQiOjE1NDYyOTExOTh9.5qxydk5GlR5AYj9gngHtYIqmFZ1u-BZyZP5Qwp7DuYI
dumplake,eyJ0eXAiOiJKV1QiLCJhbGciOiJIUzI1NiJ9.eyJzdWIiOiJkdW1wbGFrZSIsInJvbGVzIjpbIlVTRVIiXSwiaXNzIjoiYWJjIiwiZXhwIjoxNTQ2MjkyOTk4LCJpYXQiOjE1NDYyOTExOTh9.5g5i8Ih0TNQLMx4PSY7wy4MESbI3CPn3kw1DDB_rBp8
pastrydusk,eyJ0eXAiOiJKV1QiLCJhbGciOiJIUzI1NiJ9.eyJzdWIiOiJwYXN0cnlkdXNrIiwicm9sZXMiOlsiVVNFUiJdLCJpc3MiOiJhYmMiLCJleHAiOjE1NDYyOTI5OTgsImlhdCI6MTU0NjI5MTE5OH0.dblVCRkqIRTAis_mzYoEDLLIBOoY4Mh2uVOSftUJswo
legacylong,eyJ0eXAiOiJKV1QiLCJhbGciOiJIUzI1NiJ9.eyJzdWIiOiJsZWdhY3lsb25nIiwicm9sZXMiOlsiVVNFUiJdLCJpc3MiOiJhYmMiLCJleHAiOjE1NDYyOTI5OTgsImlhdCI6MTU0NjI5MTE5OH0.5KacDVoQeT1lURHSK9YXQQlIH1Bo47ZcJdNBMIwkgws
jazzunholy,eyJ0eXAiOiJKV1QiLCJhbGciOiJIUzI1NiJ9.eyJzdWIiOiJqYXp6dW5ob2x5Iiwicm9sZXMiOlsiVVNFUiJdLCJpc3MiOiJhYmMiLCJleHAiOjE1NDYyOTI5OTgsImlhdCI6MTU0NjI5MTE5OH0.iNMB_H8aD8RWcCckVWUFlQsV3dxEVjqgkgbBHJ8WvNw
shadyforegoing,eyJ0eXAiOiJKV1QiLCJhbGciOiJIUzI1NiJ9.eyJzdWIiOiJzaGFkeWZvcmVnb2luZyIsInJvbGVzIjpbIlVTRVIiXSwiaXNzIjoiYWJjIiwiZXhwIjoxNTQ2MjkyOTk4LCJpYXQiOjE1NDYyOTExOTh9.c051AoP0QT6_R_-7uyH0H1ac3aNBUcKjk2o4vADUcBY
mixmidhinge,eyJ0eXAiOiJKV1QiLCJhbGciOiJIUzI1NiJ9.eyJzdWIiOiJtaXhtaWRoaW5nZSIsInJvbGVzIjpbIlVTRVIiXSwiaXNzIjoiYWJjIiwiZXhwIjoxNTQ2MjkyOTk4LCJpYXQiOjE1NDYyOTExOTh9.0oHxNdmgd3AxpVPK448PImqH4vesb9J4ZJhfK2bqVZ0
popperluineag,eyJ0eXAiOiJKV1QiLCJhbGciOiJIUzI1NiJ9.eyJzdWIiOiJwb3BwZXJsdWluZWFnIiwicm9sZXMiOlsiVVNFUiJdLCJpc3MiOiJhYmMiLCJleHAiOjE1NDYyOTI5OTgsImlhdCI6MTU0NjI5MTE5OH0.KK7AVsb7MVE1nVHbt8amKFP9YgKH7JmZI-IMzCEcwM8
bikeprude,eyJ0eXAiOiJKV1QiLCJhbGciOiJIUzI1NiJ9.eyJzdWIiOiJiaWtlcHJ1ZGUiLCJyb2xlcyI6WyJVU0VSIl0sImlzcyI6ImFiYyIsImV4cCI6MTU0NjI5Mjk5OCwiaWF0IjoxNTQ2MjkxMTk4fQ.er79IvUPy4CggAyjgukfHaiRXO49yUb0ume3JWJ1vOY
duplexyeoman,eyJ0eXAiOiJKV1QiLCJhbGciOiJIUzI1NiJ9.eyJzdWIiOiJkdXBsZXh5ZW9tYW4iLCJyb2xlcyI6WyJVU0VSIl0sImlzcyI6ImFiYyIsImV4cCI6MTU0NjI5Mjk5OCwiaWF0IjoxNTQ2MjkxMTk4fQ.cORr0la8y84jUG_Hgf3DwZbap6z0ClAIf4yDRiaF_zo
farindex,eyJ0eXAiOiJKV1QiLCJhbGciOiJIUzI1NiJ9.eyJzdWIiOiJmYXJpbmRleCIsInJvbGVzIjpbIlVTRVIiXSwiaXNzIjoiYWJjIiwiZXhwIjoxNTQ2MjkyOTk4LCJpYXQiOjE1NDYyOTExOTh9.MwMxmhNz34JQf3iPqS2oXWwuB4rpnwnTL_N5vf-7I30
conieuncrown,eyJ0eXAiOiJKV1QiLCJhbGciOiJIUzI1NiJ9.eyJzdWIiOiJjb25pZXVuY3Jvd24iLCJyb2xlcyI6WyJVU0VSIl0sImlzcyI6ImFiYyIsImV4cCI6MTU0NjI5Mjk5OCwiaWF0IjoxNTQ2MjkxMTk4fQ.eynpvtl8UihpoRymJfF1HdV4ls2JyZb0k31bCO9QK5I
operacreppers,eyJ0eXAiOiJKV1QiLCJhbGciOiJIUzI1NiJ9.eyJzdWIiOiJvcGVyYWNyZXBwZXJzIiwicm9sZXMiOlsiVVNFUiJdLCJpc3MiOiJhYmMiLCJleHAiOjE1NDYyOTI5OTgsImlhdCI6MTU0NjI5MTE5OH0.UR6YrMgzVcavxHLcXQ8dN-0P8OCE4Ea8e1YeKbDKvbQ
shantoucalamari,eyJ0eXAiOiJKV1QiLCJhbGciOiJIUzI1NiJ9.eyJzdWIiOiJzaGFudG91Y2FsYW1hcmkiLCJyb2xlcyI6WyJVU0VSIl0sImlzcyI6ImFiYyIsImV4cCI6MTU0NjI5Mjk5OCwiaWF0IjoxNTQ2MjkxMTk4fQ.HHX0USyNGviPM0-NUtXoFRR7uTStJoqCsEo8iJ0mY34
showyresolving,eyJ0eXAiOiJKV1QiLCJhbGciOiJIUzI1NiJ9.eyJzdWIiOiJzaG93eXJlc29sdmluZyIsInJvbGVzIjpbIlVTRVIiXSwiaXNzIjoiYWJjIiwiZXhwIjoxNTQ2MjkyOTk4LCJpYXQiOjE1NDYyOTExOTh9.BGC4fQ_K5js6NrZfMsLflTsw0x9ota8w1eriTnTzgkQ
shoptalkspyers,eyJ0eXAiOiJKV1QiLCJhbGciOiJIUzI1NiJ9.eyJzdWIiOiJzaG9wdGFsa3NweWVycyIsInJvbGVzIjpbIlVTRVIiXSwiaXNzIjoiYWJjIiwiZXhwIjoxNTQ2MjkyOTk4LCJpYXQiOjE1NDYyOTExOTh9.3u0At4PAojWA1qtIV7WhHgo4z6y6pxaDW_XOdSP2v3Q
chamomileceaseless,eyJ0eXAiOiJKV1QiLCJhbGciOiJIUzI1NiJ9.eyJzdWIiOiJjaGFtb21pbGVjZWFzZWxlc3MiLCJyb2xlcyI6WyJVU0VSIl0sImlzcyI6ImFiYyIsImV4cCI6MTU0NjI5Mjk5OCwiaWF0IjoxNTQ2MjkxMTk4fQ.2JN_a73ADVCg0nE4ehgzoz_qx4pSB7fCx8c0FoPFoPg
boreprince,eyJ0eXAiOiJKV1QiLCJhbGciOiJIUzI1NiJ9.eyJzdWIiOiJib3JlcHJpbmNlIiwicm9sZXMiOlsiVVNFUiJdLCJpc3MiOiJhYmMiLCJleHAiOjE1NDYyOTI5OTgsImlhdCI6MTU0NjI5MTE5OH0.3rU2o2vwnmvEyMN_1p4gDfeYkxZv-TQ5R70_ixBk3Kc
datarunny,eyJ0eXAiOiJKV1QiLCJhbGciOiJIUzI1NiJ9.eyJzdWIiOiJkYXRhcnVubnkiLCJyb2xlcyI6WyJVU0VSIl0sImlzcyI6ImFiYyIsImV4cCI6MTU0NjI5Mjk5OCwiaWF0IjoxNTQ2MjkxMTk4fQ.9ELguA_53Udu52y5Itqln6uH0BQ8ltTA96Rp63CHnQg
artistdolerite,eyJ0eXAiOiJKV1QiLCJhbGciOiJIUzI1NiJ9.eyJzdWIiOiJhcnRpc3Rkb2xlcml0ZSIsInJvbGVzIjpbIlVTRVIiXSwiaXNzIjoiYWJjIiwiZXhwIjoxNTQ2MjkyOTk4LCJpYXQiOjE1NDYyOTExOTh9.WSfSR2Z9WRuibLinFI4iSwkq7IETd8_iR6sY85a0FDA
cultin,eyJ0eXAiOiJKV1QiLCJhbGciOiJIUzI1NiJ9.eyJzdWIiOiJjdWx0aW4iLCJyb2xlcyI6WyJVU0VSIl0sImlzcyI6ImFiYyIsImV4cCI6MTU0NjI5Mjk5OCwiaWF0IjoxNTQ2MjkxMTk4fQ.ba8VxpW4H9EprzBlhpCaVQjhSsEZyucTfOW-JmBCuT0
mowingdroop,eyJ0eXAiOiJKV1QiLCJhbGciOiJIUzI1NiJ9.eyJzdWIiOiJtb3dpbmdkcm9vcCIsInJvbGVzIjpbIlVTRVIiXSwiaXNzIjoiYWJjIiwiZXhwIjoxNTQ2MjkyOTk4LCJpYXQiOjE1NDYyOTExOTh9.0UzfCIY0URVi2cocHIm3EHtDC_6nBYNeYGVeKpb_Ne8
atonablechief,eyJ0eXAiOiJKV1QiLCJhbGciOiJIUzI1NiJ9.eyJzdWIiOiJhdG9uYWJsZWNoaWVmIiwicm9sZXMiOlsiVVNFUiJdLCJpc3MiOiJhYmMiLCJleHAiOjE1NDYyOTI5OTgsImlhdCI6MTU0NjI5MTE5OH0.F7DqJ0j_ZYDsdBh2XKN7pbcwIyFwDYVhkzPJY9BGgnE
happinessjack,eyJ0eXAiOiJKV1QiLCJhbGciOiJIUzI1NiJ9.eyJzdWIiOiJoYXBwaW5lc3NqYWNrIiwicm9sZXMiOlsiVVNFUiJdLCJpc3MiOiJhYmMiLCJleHAiOjE1NDYyOTI5OTgsImlhdCI6MTU0NjI5MTE5OH0.Dw1zt7M6xoMJGP3so3nwdDYgqjWIu6Nuz8f1wcdo5CI
pockettux,eyJ0eXAiOiJKV1QiLCJhbGciOiJIUzI1NiJ9.eyJzdWIiOiJwb2NrZXR0dXgiLCJyb2xlcyI6WyJVU0VSIl0sImlzcyI6ImFiYyIsImV4cCI6MTU0NjI5Mjk5OCwiaWF0IjoxNTQ2MjkxMTk4fQ.geegJw2xsmimx2itL2FUL1Jyyle_L2Sb3gm42AHk8pQ
uncorkweamy,eyJ0eXAiOiJKV1QiLCJhbGciOiJIUzI1NiJ9.eyJzdWIiOiJ1bmNvcmt3ZWFteSIsInJvbGVzIjpbIlVTRVIiXSwiaXNzIjoiYWJjIiwiZXhwIjoxNTQ2MjkyOTk4LCJpYXQiOjE1NDYyOTExOTh9.f0htkLRK0XwD2mWehwWJQg0UTOGnI9BVDwKRZXr0Njg
commodityvictoria,eyJ0eXAiOiJKV1QiLCJhbGciOiJIUzI1NiJ9.eyJzdWIiOiJjb21tb2RpdHl2aWN0b3JpYSIsInJvbGVzIjpbIlVTRVIiXSwiaXNzIjoiYWJjIiwiZXhwIjoxNTQ2MjkyOTk4LCJpYXQiOjE1NDYyOTExOTh9.8pCbKoNn-RMH8vrdI_wQtTc1nWG2iK81ITuLRX4YzAg
stegosaursprinkled,eyJ0eXAiOiJKV1QiLCJhbGciOiJIUzI1NiJ9.eyJzdWIiOiJzdGVnb3NhdXJzcHJpbmtsZWQiLCJyb2xlcyI6WyJVU0VSIl0sImlzcyI6ImFiYyIsImV4cCI6MTU0NjI5Mjk5OCwiaWF0IjoxNTQ2MjkxMTk4fQ.9OvGFtUCq-DcRR8xdeMSL-hrSr62peqmmvA0OIPmW0s
horndiameter,eyJ0eXAiOiJKV1QiLCJhbGciOiJIUzI1NiJ9.eyJzdWIiOiJob3JuZGlhbWV0ZXIiLCJyb2xlcyI6WyJVU0VSIl0sImlzcyI6ImFiYyIsImV4cCI6MTU0NjI5Mjk5OCwiaWF0IjoxNTQ2MjkxMTk4fQ.Et4u2-h-4k8esegjaBcoXr9PDFEUV6vQjyMIWozbpwg
beatmallslyricism,eyJ0eXAiOiJKV1QiLCJhbGciOiJIUzI1NiJ9.eyJzdWIiOiJiZWF0bWFsbHNseXJpY2lzbSIsInJvbGVzIjpbIlVTRVIiXSwiaXNzIjoiYWJjIiwiZXhwIjoxNTQ2MjkyOTk4LCJpYXQiOjE1NDYyOTExOTh9.OPC687SBE_qZxcAFtesH38eEBEQScN3Ki06pa4tkIs4
girollesgummy,eyJ0eXAiOiJKV1QiLCJhbGciOiJIUzI1NiJ9.eyJzdWIiOiJnaXJvbGxlc2d1bW15Iiwicm9sZXMiOlsiVVNFUiJdLCJpc3MiOiJhYmMiLCJleHAiOjE1NDYyOTI5OTgsImlhdCI6MTU0NjI5MTE5OH0.akZbF4-JIwTOcU39RIAbnZZCRwMhZ8TdeuQJwV3F6As
hilariousyearling,eyJ0eXAiOiJKV1QiLCJhbGciOiJIUzI1NiJ9.eyJzdWIiOiJoaWxhcmlvdXN5ZWFybGluZyIsInJvbGVzIjpbIlVTRVIiXSwiaXNzIjoiYWJjIiwiZXhwIjoxNTQ2MjkyOTk4LCJpYXQiOjE1NDYyOTExOTh9.S8Td97HLpPWTZQvXdD-mFHaM2iKuv-wopk4VrfcVXwg
thumbprovolone,eyJ0eXAiOiJKV1QiLCJhbGciOiJIUzI1NiJ9.eyJzdWIiOiJ0aHVtYnByb3ZvbG9uZSIsInJvbGVzIjpbIlVTRVIiXSwiaXNzIjoiYWJjIiwiZXhwIjoxNTQ2MjkyOTk4LCJpYXQiOjE1NDYyOTExOTh9.2vFE1EAKfVr4RyY4od7WD7Fafx_4WCqYa1x5lCJFzEA
diligenceother,eyJ0eXAiOiJKV1QiLCJhbGciOiJIUzI1NiJ9.eyJzdWIiOiJkaWxpZ2VuY2VvdGhlciIsInJvbGVzIjpbIlVTRVIiXSwiaXNzIjoiYWJjIiwiZXhwIjoxNTQ2MjkyOTk4LCJpYXQiOjE1NDYyOTExOTh9.G_KtFEuxNPDet2Ghq9zSD6F-u0VNjJ69_y_feMV9wVI
molalitybobsleigh,eyJ0eXAiOiJKV1QiLCJhbGciOiJIUzI1NiJ9.eyJzdWIiOiJtb2xhbGl0eWJvYnNsZWlnaCIsInJvbGVzIjpbIlVTRVIiXSwiaXNzIjoiYWJjIiwiZXhwIjoxNTQ2MjkyOTk4LCJpYXQiOjE1NDYyOTExOTh9.TLHrUnrhWNzf7a99GIATCfTCYdrytbedpxgQFco8e8I
regretdeviancy,eyJ0eXAiOiJKV1QiLCJhbGciOiJIUzI1NiJ9.eyJzdWIiOiJyZWdyZXRkZXZpYW5jeSIsInJvbGVzIjpbIlVTRVIiXSwiaXNzIjoiYWJjIiwiZXhwIjoxNTQ2MjkyOTk4LCJpYXQiOjE1NDYyOTExOTh9.fjibqDrFLsxqVFml8onXs4zK6vyRoZ4P5Ml9L0UucZw
dunslandfrugally,eyJ0eXAiOiJKV1QiLCJhbGciOiJIUzI1NiJ9.eyJzdWIiOiJkdW5zbGFuZGZydWdhbGx5Iiwicm9sZXMiOlsiVVNFUiJdLCJpc3MiOiJhYmMiLCJleHAiOjE1NDYyOTI5OTgsImlhdCI6MTU0NjI5MTE5OH0.4DRBidUrn1zXrt3c1oAnnY5gYRPC7qPkuQ1ZWCtx6tQ
doetorunwrapped,eyJ0eXAiOiJKV1QiLCJhbGciOiJIUzI1NiJ9.eyJzdWIiOiJkb2V0b3J1bndyYXBwZWQiLCJyb2xlcyI6WyJVU0VSIl0sImlzcyI6ImFiYyIsImV4cCI6MTU0NjI5Mjk5OCwiaWF0IjoxNTQ2MjkxMTk4fQ.e3RqT1bLbMVauTrMA5-BvRMUrhvGd1Bvfj73sO8ZYSA
vaccinessteep,eyJ0eXAiOiJKV1QiLCJhbGciOiJIUzI1NiJ9.eyJzdWIiOiJ2YWNjaW5lc3N0ZWVwIiwicm9sZXMiOlsiVVNFUiJdLCJpc3MiOiJhYmMiLCJleHAiOjE1NDYyOTI5OTgsImlhdCI6MTU0NjI5MTE5OH0.G_JVNyFKh0yQ-guY7kxJbv4kyTmJLS3mtuhd_2WvoN8
onscreendoves,eyJ0eXAiOiJKV1QiLCJhbGciOiJIUzI1NiJ9.eyJzdWIiOiJvbnNjcmVlbmRvdmVzIiwicm9sZXMiOlsiVVNFUiJdLCJpc3MiOiJhYmMiLCJleHAiOjE1NDYyOTI5OTgsImlhdCI6MTU0NjI5MTE5OH0.a2y2oX5qnQqRsr6LzIXEFEOu2BXDAfUDXkTqtNJFRVw
potatoescrayon,eyJ0eXAiOiJKV1QiLCJhbGciOiJIUzI1NiJ9.eyJzdWIiOiJwb3RhdG9lc2NyYXlvbiIsInJvbGVzIjpbIlVTRVIiXSwiaXNzIjoiYWJjIiwiZXhwIjoxNTQ2MjkyOTk4LCJpYXQiOjE1NDYyOTExOTh9.1HORzheayJqsq2GhiLanodAhh2IP3tRrVoZwJ0lmguo
tappinginterest,eyJ0eXAiOiJKV1QiLCJhbGciOiJIUzI1NiJ9.eyJzdWIiOiJ0YXBwaW5naW50ZXJlc3QiLCJyb2xlcyI6WyJVU0VSIl0sImlzcyI6ImFiYyIsImV4cCI6MTU0NjI5Mjk5OCwiaWF0IjoxNTQ2MjkxMTk4fQ.TIXJtWewW3mUcxWNQJqwAG4IlQItUKCC9D_xgd7tPJ0
matthewshadow,eyJ0eXAiOiJKV1QiLCJhbGciOiJIUzI1NiJ9.eyJzdWIiOiJtYXR0aGV3c2hhZG93Iiwicm9sZXMiOlsiVVNFUiJdLCJpc3MiOiJhYmMiLCJleHAiOjE1NDYyOTI5OTgsImlhdCI6MTU0NjI5MTE5OH0.0chjrjgpi11pRpNFyCFLt-2JUbzts6J9IbnRYVUvlHU
punypast,eyJ0eXAiOiJKV1QiLCJhbGciOiJIUzI1NiJ9.eyJzdWIiOiJwdW55cGFzdCIsInJvbGVzIjpbIlVTRVIiXSwiaXNzIjoiYWJjIiwiZXhwIjoxNTQ2MjkyOTk4LCJpYXQiOjE1NDYyOTExOTh9.17byefSdG-Au9vfOASh7cwLstdXU6QMq4Zoqvvv2Bwc
cylindersystem,eyJ0eXAiOiJKV1QiLCJhbGciOiJIUzI1NiJ9.eyJzdWIiOiJjeWxpbmRlcnN5c3RlbSIsInJvbGVzIjpbIlVTRVIiXSwiaXNzIjoiYWJjIiwiZXhwIjoxNTQ2MjkyOTk4LCJpYXQiOjE1NDYyOTExOTh9.ASwiB4z6nSEUZ4BqsF-mQyzVRH05gVWVx-G-V8yoKdc
smokeamber,eyJ0eXAiOiJKV1QiLCJhbGciOiJIUzI1NiJ9.eyJzdWIiOiJzbW9rZWFtYmVyIiwicm9sZXMiOlsiVVNFUiJdLCJpc3MiOiJhYmMiLCJleHAiOjE1NDYyOTI5OTgsImlhdCI6MTU0NjI5MTE5OH0.8CBx1vOVoZDTZtRRLDiEQhG21tTPjQU6Wfvd1hEPw_I
binchmaggie,eyJ0eXAiOiJKV1QiLCJhbGciOiJIUzI1NiJ9.eyJzdWIiOiJiaW5jaG1hZ2dpZSIsInJvbGVzIjpbIlVTRVIiXSwiaXNzIjoiYWJjIiwiZXhwIjoxNTQ2MjkyOTk4LCJpYXQiOjE1NDYyOTExOTh9.Zd7zTA1ZzsJ5U4RTYO_HoIR_Xl2A4we0ObT7LNwV3FI
fizzfoam,eyJ0eXAiOiJKV1QiLCJhbGciOiJIUzI1NiJ9.eyJzdWIiOiJmaXp6Zm9hbSIsInJvbGVzIjpbIlVTRVIiXSwiaXNzIjoiYWJjIiwiZXhwIjoxNTQ2MjkyOTk4LCJpYXQiOjE1NDYyOTExOTh9._JBSTfU_zV82qFPi7qJOSeEm26iBGX8V_RXdkS-H9OQ
abcdwairy,eyJ0eXAiOiJKV1QiLCJhbGciOiJIUzI1NiJ9.eyJzdWIiOiJhYmNkd2FpcnkiLCJyb2xlcyI6WyJVU0VSIl0sImlzcyI6ImFiYyIsImV4cCI6MTU0NjI5Mjk5OCwiaWF0IjoxNTQ2MjkxMTk4fQ.F5MFLXhwg2Jg2uYVoiRxUT8a45hwc1mfw5YlIMEEc58
oftentimesgreas,eyJ0eXAiOiJKV1QiLCJhbGciOiJIUzI1NiJ9.eyJzdWIiOiJvZnRlbnRpbWVzZ3JlYXMiLCJyb2xlcyI6WyJVU0VSIl0sImlzcyI6ImFiYyIsImV4cCI6MTU0NjI5Mjk5OCwiaWF0IjoxNTQ2MjkxMTk4fQ.EWhY76BaQaCHt0NdIAyRrobPWUwrL2SaqIT8mIlXMHo
microphoneexemplary,eyJ0eXAiOiJKV1QiLCJhbGciOiJIUzI1NiJ9.eyJzdWIiOiJtaWNyb3Bob25lZXhlbXBsYXJ5Iiwicm9sZXMiOlsiVVNFUiJdLCJpc3MiOiJhYmMiLCJleHAiOjE1NDYyOTI5OTgsImlhdCI6MTU0NjI5MTE5OH0._TjX0m_w1vjEfXTW4s8uR3JKOzXlj-6rtxr_hhJr6x8
steinbachlizard,eyJ0eXAiOiJKV1QiLCJhbGciOiJIUzI1NiJ9.eyJzdWIiOiJzdGVpbmJhY2hsaXphcmQiLCJyb2xlcyI6WyJVU0VSIl0sImlzcyI6ImFiYyIsImV4cCI6MTU0NjI5Mjk5OCwiaWF0IjoxNTQ2MjkxMTk4fQ.vm1NLPZgSGkKjv9ClKsXCIpzZmUdeTZqEAgqTwSizmk
gonadsour,eyJ0eXAiOiJKV1QiLCJhbGciOiJIUzI1NiJ9.eyJzdWIiOiJnb25hZHNvdXIiLCJyb2xlcyI6WyJVU0VSIl0sImlzcyI6ImFiYyIsImV4cCI6MTU0NjI5Mjk5OCwiaWF0IjoxNTQ2MjkxMTk4fQ.Dlfx19uKYnqcUuiSdctsTpSzCUHtInxaEsPhC7PGams
unmannedtotally,eyJ0eXAiOiJKV1QiLCJhbGciOiJIUzI1NiJ9.eyJzdWIiOiJ1bm1hbm5lZHRvdGFsbHkiLCJyb2xlcyI6WyJVU0VSIl0sImlzcyI6ImFiYyIsImV4cCI6MTU0NjI5Mjk5OCwiaWF0IjoxNTQ2MjkxMTk4fQ.Kp9UoeviYmVK7VUj_hkDFnrOOXB9m-Z00rFW4AS8S5w
arsonpants,eyJ0eXAiOiJKV1QiLCJhbGciOiJIUzI1NiJ9.eyJzdWIiOiJhcnNvbnBhbnRzIiwicm9sZXMiOlsiVVNFUiJdLCJpc3MiOiJhYmMiLCJleHAiOjE1NDYyOTI5OTgsImlhdCI6MTU0NjI5MTE5OH0.fUVOwNxi8o5vqLikdKKyuOdObmER6My354QaU8RUWkg
mannerdismal,eyJ0eXAiOiJKV1QiLCJhbGciOiJIUzI1NiJ9.eyJzdWIiOiJtYW5uZXJkaXNtYWwiLCJyb2xlcyI6WyJVU0VSIl0sImlzcyI6ImFiYyIsImV4cCI6MTU0NjI5Mjk5OCwiaWF0IjoxNTQ2MjkxMTk4fQ.31DunOz5p65G29JsvKMoj0Ya23qhXWV6mglPFfMwALg
alkynealkyne,eyJ0eXAiOiJKV1QiLCJhbGciOiJIUzI1NiJ9.eyJzdWIiOiJhbGt5bmVhbGt5bmUiLCJyb2xlcyI6WyJVU0VSIl0sImlzcyI6ImFiYyIsImV4cCI6MTU0NjI5Mjk5OCwiaWF0IjoxNTQ2MjkxMTk4fQ.3BjNnfsRjvHSuXWXNuywSdCMlR0sCFHTqcoS_6L8Yuw
mulegiggling,eyJ0eXAiOiJKV1QiLCJhbGciOiJIUzI1NiJ9.eyJzdWIiOiJtdWxlZ2lnZ2xpbmciLCJyb2xlcyI6WyJVU0VSIl0sImlzcyI6ImFiYyIsImV4cCI6MTU0NjI5Mjk5OCwiaWF0IjoxNTQ2MjkxMTk4fQ.3U4eWTzAtdvy_wFdTGH_tU5xCBnr3GaKtDkLlHTLS2A
scrunchchildren,eyJ0eXAiOiJKV1QiLCJhbGciOiJIUzI1NiJ9.eyJzdWIiOiJzY3J1bmNoY2hpbGRyZW4iLCJyb2xlcyI6WyJVU0VSIl0sImlzcyI6ImFiYyIsImV4cCI6MTU0NjI5Mjk5OCwiaWF0IjoxNTQ2MjkxMTk4fQ.uzAMNjtmPzJWyM1uBYkzx23rWaqi3Z9UEH8ywOvkJCc
statusscroll,eyJ0eXAiOiJKV1QiLCJhbGciOiJIUzI1NiJ9.eyJzdWIiOiJzdGF0dXNzY3JvbGwiLCJyb2xlcyI6WyJVU0VSIl0sImlzcyI6ImFiYyIsImV4cCI6MTU0NjI5Mjk5OCwiaWF0IjoxNTQ2MjkxMTk4fQ.diKwyQdSgbfHwTs7S5OY69Fb_4LO5X9XhrLjxrYPVtc
leomille,eyJ0eXAiOiJKV1QiLCJhbGciOiJIUzI1NiJ9.eyJzdWIiOiJsZW9taWxsZSIsInJvbGVzIjpbIlVTRVIiXSwiaXNzIjoiYWJjIiwiZXhwIjoxNTQ2MjkyOTk4LCJpYXQiOjE1NDYyOTExOTh9.EHLdjbB_PqMATvaf4J-sChvSH2QHjlcww1NHQqxSs8o
cruxbroil,eyJ0eXAiOiJKV1QiLCJhbGciOiJIUzI1NiJ9.eyJzdWIiOiJjcnV4YnJvaWwiLCJyb2xlcyI6WyJVU0VSIl0sImlzcyI6ImFiYyIsImV4cCI6MTU0NjI5Mjk5OCwiaWF0IjoxNTQ2MjkxMTk4fQ.e089ufPMwGVmOJiaKbvR6Ah4nFT6XK41nKTW8TxGz7Q
dubbedunfixed,eyJ0eXAiOiJKV1QiLCJhbGciOiJIUzI1NiJ9.eyJzdWIiOiJkdWJiZWR1bmZpeGVkIiwicm9sZXMiOlsiVVNFUiJdLCJpc3MiOiJhYmMiLCJleHAiOjE1NDYyOTI5OTgsImlhdCI6MTU0NjI5MTE5OH0.O5VDojjWFT2YJdbj3-Hr8wnmLEMjMqXjepFwO0IlVag
sleevetraveler,eyJ0eXAiOiJKV1QiLCJhbGciOiJIUzI1NiJ9.eyJzdWIiOiJzbGVldmV0cmF2ZWxlciIsInJvbGVzIjpbIlVTRVIiXSwiaXNzIjoiYWJjIiwiZXhwIjoxNTQ2MjkyOTk4LCJpYXQiOjE1NDYyOTExOTh9.SDM7F42nqcUKM565loOIlHp0N6b3A3pF2j6dL6W0jKk
dinnercontao,eyJ0eXAiOiJKV1QiLCJhbGciOiJIUzI1NiJ9.eyJzdWIiOiJkaW5uZXJjb250YW8iLCJyb2xlcyI6WyJVU0VSIl0sImlzcyI6ImFiYyIsImV4cCI6MTU0NjI5Mjk5OCwiaWF0IjoxNTQ2MjkxMTk4fQ.zmCeEKcMJL6RYoZHSI4RGPXvBQstvI7BDphH2bRv6NE
mandrilllumber,eyJ0eXAiOiJKV1QiLCJhbGciOiJIUzI1NiJ9.eyJzdWIiOiJtYW5kcmlsbGx1bWJlciIsInJvbGVzIjpbIlVTRVIiXSwiaXNzIjoiYWJjIiwiZXhwIjoxNTQ2MjkyOTk4LCJpYXQiOjE1NDYyOTExOTh9.S-87AxeTPQhxvg7qlKp455jji0od1wvImEZxlBgZCZ4
poisedizziness,eyJ0eXAiOiJKV1QiLCJhbGciOiJIUzI1NiJ9.eyJzdWIiOiJwb2lzZWRpenppbmVzcyIsInJvbGVzIjpbIlVTRVIiXSwiaXNzIjoiYWJjIiwiZXhwIjoxNTQ2MjkyOTk4LCJpYXQiOjE1NDYyOTExOTh9.8yk0fTFXH1d5NR356Es1Be6iiGekIKgzmneE0OpmT2E
appointeerockwell,eyJ0eXAiOiJKV1QiLCJhbGciOiJIUzI1NiJ9.eyJzdWIiOiJhcHBvaW50ZWVyb2Nrd2VsbCIsInJvbGVzIjpbIlVTRVIiXSwiaXNzIjoiYWJjIiwiZXhwIjoxNTQ2MjkyOTk4LCJpYXQiOjE1NDYyOTExOTh9.FRndzUSyW0HTXRnQdzX_AcVvjawxrlirZsBFhsyFFis
starpumpkin,eyJ0eXAiOiJKV1QiLCJhbGciOiJIUzI1NiJ9.eyJzdWIiOiJzdGFycHVtcGtpbiIsInJvbGVzIjpbIlVTRVIiXSwiaXNzIjoiYWJjIiwiZXhwIjoxNTQ2MjkyOTk4LCJpYXQiOjE1NDYyOTExOTh9.WZoxbBysu1LXPVYmZtGLMX55-zmI1O8KlBwkdznHa78
jobdegree,eyJ0eXAiOiJKV1QiLCJhbGciOiJIUzI1NiJ9.eyJzdWIiOiJqb2JkZWdyZWUiLCJyb2xlcyI6WyJVU0VSIl0sImlzcyI6ImFiYyIsImV4cCI6MTU0NjI5Mjk5OCwiaWF0IjoxNTQ2MjkxMTk4fQ.3wjVTwiGpxwOk_e1_7jW5gBnB3JbG0dv8h34TE-MMNc
eatableshimmer,eyJ0eXAiOiJKV1QiLCJhbGciOiJIUzI1NiJ9.eyJzdWIiOiJlYXRhYmxlc2hpbW1lciIsInJvbGVzIjpbIlVTRVIiXSwiaXNzIjoiYWJjIiwiZXhwIjoxNTQ2MjkyOTk4LCJpYXQiOjE1NDYyOTExOTh9.1SNWs3UdWzRu8y7Hrh6hFxL8GXD1tGG4vfSOJWNgTAE
tairychine,eyJ0eXAiOiJKV1QiLCJhbGciOiJIUzI1NiJ9.eyJzdWIiOiJ0YWlyeWNoaW5lIiwicm9sZXMiOlsiVVNFUiJdLCJpc3MiOiJhYmMiLCJleHAiOjE1NDYyOTI5OTgsImlhdCI6MTU0NjI5MTE5OH0.aUnxLrRSdWN7zOGX_v6WmuPeqtIF0lxk37UtTpkSjA8
swollenscott,eyJ0eXAiOiJKV1QiLCJhbGciOiJIUzI1NiJ9.eyJzdWIiOiJzd29sbGVuc2NvdHQiLCJyb2xlcyI6WyJVU0VSIl0sImlzcyI6ImFiYyIsImV4cCI6MTU0NjI5Mjk5OCwiaWF0IjoxNTQ2MjkxMTk4fQ.sK1HOg6mEfGEwKFboTuu2NYITYywkuVjTy9lNiUI9uA
tissuedart,eyJ0eXAiOiJKV1QiLCJhbGciOiJIUzI1NiJ9.eyJzdWIiOiJ0aXNzdWVkYXJ0Iiwicm9sZXMiOlsiVVNFUiJdLCJpc3MiOiJhYmMiLCJleHAiOjE1NDYyOTI5OTgsImlhdCI6MTU0NjI5MTE5OH0.S5uLL0rFipe0i6MTi67uH4lxqLXa8f-xG1f4YR0dSDw
sugarblitz,eyJ0eXAiOiJKV1QiLCJhbGciOiJIUzI1NiJ9.eyJzdWIiOiJzdWdhcmJsaXR6Iiwicm9sZXMiOlsiVVNFUiJdLCJpc3MiOiJhYmMiLCJleHAiOjE1NDYyOTI5OTgsImlhdCI6MTU0NjI5MTE5OH0.cXAHwmhVb1dzl-XEE4GLYILWPZLLVKe19N0JcjyMTfk
canadianexecute,eyJ0eXAiOiJKV1QiLCJhbGciOiJIUzI1NiJ9.eyJzdWIiOiJjYW5hZGlhbmV4ZWN1dGUiLCJyb2xlcyI6WyJVU0VSIl0sImlzcyI6ImFiYyIsImV4cCI6MTU0NjI5Mjk5OCwiaWF0IjoxNTQ2MjkxMTk4fQ.Y4-WSBJSyQ6aII6mh3dYzCmEugpqjGfvVvnkSoZkFAU
glovesprite,eyJ0eXAiOiJKV1QiLCJhbGciOiJIUzI1NiJ9.eyJzdWIiOiJnbG92ZXNwcml0ZSIsInJvbGVzIjpbIlVTRVIiXSwiaXNzIjoiYWJjIiwiZXhwIjoxNTQ2MjkyOTk4LCJpYXQiOjE1NDYyOTExOTh9.E7_7ggRhJE_IO-sBthr6Gn1mwGW5-pZh7eCon5RPpU4
wavyonerous,eyJ0eXAiOiJKV1QiLCJhbGciOiJIUzI1NiJ9.eyJzdWIiOiJ3YXZ5b25lcm91cyIsInJvbGVzIjpbIlVTRVIiXSwiaXNzIjoiYWJjIiwiZXhwIjoxNTQ2MjkyOTk4LCJpYXQiOjE1NDYyOTExOTh9.0n5wJCVbvb9gBdxqr1vf1zmbY1Cc1PWTrriT5YkBhnk
replacecolloquial,eyJ0eXAiOiJKV1QiLCJhbGciOiJIUzI1NiJ9.eyJzdWIiOiJyZXBsYWNlY29sbG9xdWlhbCIsInJvbGVzIjpbIlVTRVIiXSwiaXNzIjoiYWJjIiwiZXhwIjoxNTQ2MjkyOTk4LCJpYXQiOjE1NDYyOTExOTh9.S_gknSgEAl-dgmVgLG8sgZVDdx9JHk2aZuRj3AaQNTo
joiningunseated,eyJ0eXAiOiJKV1QiLCJhbGciOiJIUzI1NiJ9.eyJzdWIiOiJqb2luaW5ndW5zZWF0ZWQiLCJyb2xlcyI6WyJVU0VSIl0sImlzcyI6ImFiYyIsImV4cCI6MTU0NjI5Mjk5OCwiaWF0IjoxNTQ2MjkxMTk4fQ.vR5_HMFYb4J1FmqxUPMhFB6UnLZFAjiR6v61kPhWplU
takeoverview,eyJ0eXAiOiJKV1QiLCJhbGciOiJIUzI1NiJ9.eyJzdWIiOiJ0YWtlb3ZlcnZpZXciLCJyb2xlcyI6WyJVU0VSIl0sImlzcyI6ImFiYyIsImV4cCI6MTU0NjI5Mjk5OCwiaWF0IjoxNTQ2MjkxMTk4fQ.akM2RNgPwayTtwvOsbJFft8d9QAMQJTtOsosCA5wGVk
cecilminger,eyJ0eXAiOiJKV1QiLCJhbGciOiJIUzI1NiJ9.eyJzdWIiOiJjZWNpbG1pbmdlciIsInJvbGVzIjpbIlVTRVIiXSwiaXNzIjoiYWJjIiwiZXhwIjoxNTQ2MjkyOTk4LCJpYXQiOjE1NDYyOTExOTh9.SzYbLc5W-FwiLMFMtdfxL4tWkV-3AEyO4-I7Mt06wAg
barrierquixotic,eyJ0eXAiOiJKV1QiLCJhbGciOiJIUzI1NiJ9.eyJzdWIiOiJiYXJyaWVycXVpeG90aWMiLCJyb2xlcyI6WyJVU0VSIl0sImlzcyI6ImFiYyIsImV4cCI6MTU0NjI5Mjk5OCwiaWF0IjoxNTQ2MjkxMTk4fQ.im3dg5sJNsKrDpeaLnZTsKieBhKDfxuA3XlRMBM_00Y
fickledstamp,eyJ0eXAiOiJKV1QiLCJhbGciOiJIUzI1NiJ9.eyJzdWIiOiJmaWNrbGVkc3RhbXAiLCJyb2xlcyI6WyJVU0VSIl0sImlzcyI6ImFiYyIsImV4cCI6MTU0NjI5Mjk5OCwiaWF0IjoxNTQ2MjkxMTk4fQ.IlID4v3s8L9lfSQ95q1XGmUx0OBQ1RPQesOaPj5H_GM
pushykamikaze,eyJ0eXAiOiJKV1QiLCJhbGciOiJIUzI1NiJ9.eyJzdWIiOiJwdXNoeWthbWlrYXplIiwicm9sZXMiOlsiVVNFUiJdLCJpc3MiOiJhYmMiLCJleHAiOjE1NDYyOTI5OTgsImlhdCI6MTU0NjI5MTE5OH0.0l7nfZnZ3qAYu6tQMuHCqv-xxT8OzKI1lFkGdOpip6o
dolehatch,eyJ0eXAiOiJKV1QiLCJhbGciOiJIUzI1NiJ9.eyJzdWIiOiJkb2xlaGF0Y2giLCJyb2xlcyI6WyJVU0VSIl0sImlzcyI6ImFiYyIsImV4cCI6MTU0NjI5Mjk5OCwiaWF0IjoxNTQ2MjkxMTk4fQ.ZDLoXQRSbSsS1pmb8cXYTBLJtPl2HilUSppch3fF32E
grapesmonitor,eyJ0eXAiOiJKV1QiLCJhbGciOiJIUzI1NiJ9.eyJzdWIiOiJncmFwZXNtb25pdG9yIiwicm9sZXMiOlsiVVNFUiJdLCJpc3MiOiJhYmMiLCJleHAiOjE1NDYyOTI5OTgsImlhdCI6MTU0NjI5MTE5OH0.o34Nh8kZYKaAQAAXwawZGAizD-UFS688eskrfBIKyw0
assetsswag,eyJ0eXAiOiJKV1QiLCJhbGciOiJIUzI1NiJ9.eyJzdWIiOiJhc3NldHNzd2FnIiwicm9sZXMiOlsiVVNFUiJdLCJpc3MiOiJhYmMiLCJleHAiOjE1NDYyOTI5OTgsImlhdCI6MTU0NjI5MTE5OH0.hE6qm87wQ-XcSU7KbuwMn98tHroD7Y2FWvAsjgc9ohc
twistcase,eyJ0eXAiOiJKV1QiLCJhbGciOiJIUzI1NiJ9.eyJzdWIiOiJ0d2lzdGNhc2UiLCJyb2xlcyI6WyJVU0VSIl0sImlzcyI6ImFiYyIsImV4cCI6MTU0NjI5Mjk5OCwiaWF0IjoxNTQ2MjkxMTk4fQ.tc2REIEaLpZ0w_Od2qzn6FiXOqgCPbwsHYSva_UJcpI
strikingbibs,eyJ0eXAiOiJKV1QiLCJhbGciOiJIUzI1NiJ9.eyJzdWIiOiJzdHJpa2luZ2JpYnMiLCJyb2xlcyI6WyJVU0VSIl0sImlzcyI6ImFiYyIsImV4cCI6MTU0NjI5Mjk5OCwiaWF0IjoxNTQ2MjkxMTk4fQ.ANATrvNin2ni9k5yrY9ZMGHuWtEdbBvDcErh_q9VfGc
iguanadonor,eyJ0eXAiOiJKV1QiLCJhbGciOiJIUzI1NiJ9.eyJzdWIiOiJpZ3VhbmFkb25vciIsInJvbGVzIjpbIlVTRVIiXSwiaXNzIjoiYWJjIiwiZXhwIjoxNTQ2MjkyOTk4LCJpYXQiOjE1NDYyOTExOTh9.4EArcVrqe1h4J7x4TA4-6L7RmkihDbGFtK5U7z9OhMc
ripenpuzzling,eyJ0eXAiOiJKV1QiLCJhbGciOiJIUzI1NiJ9.eyJzdWIiOiJyaXBlbnB1enpsaW5nIiwicm9sZXMiOlsiVVNFUiJdLCJpc3MiOiJhYmMiLCJleHAiOjE1NDYyOTI5OTgsImlhdCI6MTU0NjI5MTE5OH0.4-zQe9YLtBEe87EGoHUC7retMBW9vfththiLR2rADUM
pettedgallows,eyJ0eXAiOiJKV1QiLCJhbGciOiJIUzI1NiJ9.eyJzdWIiOiJwZXR0ZWRnYWxsb3dzIiwicm9sZXMiOlsiVVNFUiJdLCJpc3MiOiJhYmMiLCJleHAiOjE1NDYyOTI5OTgsImlhdCI6MTU0NjI5MTE5OH0.0Tgi_zCfm542US-c2fxaIlbL-Xld-tx-WI9npZ03qww
crosshairswillow,eyJ0eXAiOiJKV1QiLCJhbGciOiJIUzI1NiJ9.eyJzdWIiOiJjcm9zc2hhaXJzd2lsbG93Iiwicm9sZXMiOlsiVVNFUiJdLCJpc3MiOiJhYmMiLCJleHAiOjE1NDYyOTI5OTgsImlhdCI6MTU0NjI5MTE5OH0.F36do0p1DUO38W380u5eebUsdWjf8lqTReWB5xGBwJI
slawunsoiled,eyJ0eXAiOiJKV1QiLCJhbGciOiJIUzI1NiJ9.eyJzdWIiOiJzbGF3dW5zb2lsZWQiLCJyb2xlcyI6WyJVU0VSIl0sImlzcyI6ImFiYyIsImV4cCI6MTU0NjI5Mjk5OCwiaWF0IjoxNTQ2MjkxMTk4fQ.rFHKjni_S9UGM1iILPJjijH8xCchGcE8dJqL69ncAgg
codrentable,eyJ0eXAiOiJKV1QiLCJhbGciOiJIUzI1NiJ9.eyJzdWIiOiJjb2RyZW50YWJsZSIsInJvbGVzIjpbIlVTRVIiXSwiaXNzIjoiYWJjIiwiZXhwIjoxNTQ2MjkyOTk4LCJpYXQiOjE1NDYyOTExOTh9.UKG8UJv3NRD1ykK4KFWa0vItZT4hCBeWj9LUaUYiAvU
risingrose,eyJ0eXAiOiJKV1QiLCJhbGciOiJIUzI1NiJ9.eyJzdWIiOiJyaXNpbmdyb3NlIiwicm9sZXMiOlsiVVNFUiJdLCJpc3MiOiJhYmMiLCJleHAiOjE1NDYyOTI5OTgsImlhdCI6MTU0NjI5MTE5OH0.tk_DLeUpXriJw6sjzDuUDJvNiKtVyvYRWfOftgDtJiM
karaterawalpindi,eyJ0eXAiOiJKV1QiLCJhbGciOiJIUzI1NiJ9.eyJzdWIiOiJrYXJhdGVyYXdhbHBpbmRpIiwicm9sZXMiOlsiVVNFUiJdLCJpc3MiOiJhYmMiLCJleHAiOjE1NDYyOTI5OTgsImlhdCI6MTU0NjI5MTE5OH0.lLZLhmEWXdFmkHJIVx-gdBRTh0kNsUXJVtOy2y9J59M
paternaldigit,eyJ0eXAiOiJKV1QiLCJhbGciOiJIUzI1NiJ9.eyJzdWIiOiJwYXRlcm5hbGRpZ2l0Iiwicm9sZXMiOlsiVVNFUiJdLCJpc3MiOiJhYmMiLCJleHAiOjE1NDYyOTI5OTgsImlhdCI6MTU0NjI5MTE5OH0.NAqE44-rgziAoF8iYhmp0Kyz28TchanhT-O72azJ6QE
wrigglychaby,eyJ0eXAiOiJKV1QiLCJhbGciOiJIUzI1NiJ9.eyJzdWIiOiJ3cmlnZ2x5Y2hhYnkiLCJyb2xlcyI6WyJVU0VSIl0sImlzcyI6ImFiYyIsImV4cCI6MTU0NjI5Mjk5OCwiaWF0IjoxNTQ2MjkxMTk4fQ.FYRFNf6iPjE6Ievzz5rnsveI63btMqKstZk_jUXWPpY
overspendfilthy,eyJ0eXAiOiJKV1QiLCJhbGciOiJIUzI1NiJ9.eyJzdWIiOiJvdmVyc3BlbmRmaWx0aHkiLCJyb2xlcyI6WyJVU0VSIl0sImlzcyI6ImFiYyIsImV4cCI6MTU0NjI5Mjk5OCwiaWF0IjoxNTQ2MjkxMTk4fQ.fR_Qibab0dGCSBVzQY3_UG91FZYteDtXQaDidqBV4cM
ruinleading,eyJ0eXAiOiJKV1QiLCJhbGciOiJIUzI1NiJ9.eyJzdWIiOiJydWlubGVhZGluZyIsInJvbGVzIjpbIlVTRVIiXSwiaXNzIjoiYWJjIiwiZXhwIjoxNTQ2MjkyOTk4LCJpYXQiOjE1NDYyOTExOTh9.VB_eH3DuNO5qk-jbs2dj6CwrI_B73H3BgTbzACazLtw
noticejungle,eyJ0eXAiOiJKV1QiLCJhbGciOiJIUzI1NiJ9.eyJzdWIiOiJub3RpY2VqdW5nbGUiLCJyb2xlcyI6WyJVU0VSIl0sImlzcyI6ImFiYyIsImV4cCI6MTU0NjI5Mjk5OCwiaWF0IjoxNTQ2MjkxMTk4fQ.i9OnZ7j-3bEn7HJ6tsFTiaH8qqIsjIOeFA2zCMpTeeQ
colonyvolunteer,eyJ0eXAiOiJKV1QiLCJhbGciOiJIUzI1NiJ9.eyJzdWIiOiJjb2xvbnl2b2x1bnRlZXIiLCJyb2xlcyI6WyJVU0VSIl0sImlzcyI6ImFiYyIsImV4cCI6MTU0NjI5Mjk5OCwiaWF0IjoxNTQ2MjkxMTk4fQ.yyOLeNp3Zssjav5hymsph5BmU4wKEMSOEtfFmKhIjNA
badmintoncontrol,eyJ0eXAiOiJKV1QiLCJhbGciOiJIUzI1NiJ9.eyJzdWIiOiJiYWRtaW50b25jb250cm9sIiwicm9sZXMiOlsiVVNFUiJdLCJpc3MiOiJhYmMiLCJleHAiOjE1NDYyOTI5OTgsImlhdCI6MTU0NjI5MTE5OH0.6lPMo5CsV1KamrVBMtxnOCzZIqh2XiJEyI3h2FzuPBY
handgunworrisome,eyJ0eXAiOiJKV1QiLCJhbGciOiJIUzI1NiJ9.eyJzdWIiOiJoYW5kZ3Vud29ycmlzb21lIiwicm9sZXMiOlsiVVNFUiJdLCJpc3MiOiJhYmMiLCJleHAiOjE1NDYyOTI5OTgsImlhdCI6MTU0NjI5MTE5OH0.f-MEJYKK_Al7y_OniXjO0WiUkV7iw5P8m8BLklgEpoA
slainwrinkly,eyJ0eXAiOiJKV1QiLCJhbGciOiJIUzI1NiJ9.eyJzdWIiOiJzbGFpbndyaW5rbHkiLCJyb2xlcyI6WyJVU0VSIl0sImlzcyI6ImFiYyIsImV4cCI6MTU0NjI5Mjk5OCwiaWF0IjoxNTQ2MjkxMTk4fQ.D-IOhIKiDzgvLTXAyD-G1Mnda54mPQXgklFVnbGpfeM
chingyimpatient,eyJ0eXAiOiJKV1QiLCJhbGciOiJIUzI1NiJ9.eyJzdWIiOiJjaGluZ3lpbXBhdGllbnQiLCJyb2xlcyI6WyJVU0VSIl0sImlzcyI6ImFiYyIsImV4cCI6MTU0NjI5Mjk5OCwiaWF0IjoxNTQ2MjkxMTk4fQ.0IKWYuDtL0N9OuOp-uko8s1vy3I0Ai-9aMjvi5FrP-A
eraseseventh,eyJ0eXAiOiJKV1QiLCJhbGciOiJIUzI1NiJ9.eyJzdWIiOiJlcmFzZXNldmVudGgiLCJyb2xlcyI6WyJVU0VSIl0sImlzcyI6ImFiYyIsImV4cCI6MTU0NjI5Mjk5OCwiaWF0IjoxNTQ2MjkxMTk4fQ.u-KYsCQ5KqMeztLCwdSQVKe4D0k_NBTlYukskb5r3vQ
proclaimsegregator,eyJ0eXAiOiJKV1QiLCJhbGciOiJIUzI1NiJ9.eyJzdWIiOiJwcm9jbGFpbXNlZ3JlZ2F0b3IiLCJyb2xlcyI6WyJVU0VSIl0sImlzcyI6ImFiYyIsImV4cCI6MTU0NjI5Mjk5OCwiaWF0IjoxNTQ2MjkxMTk4fQ.5eiipiFpnDCJ4GSu2Nd70YpaaX8-Hj874d5V21WiHgY
taylorflowery,eyJ0eXAiOiJKV1QiLCJhbGciOiJIUzI1NiJ9.eyJzdWIiOiJ0YXlsb3JmbG93ZXJ5Iiwicm9sZXMiOlsiVVNFUiJdLCJpc3MiOiJhYmMiLCJleHAiOjE1NDYyOTI5OTgsImlhdCI6MTU0NjI5MTE5OH0.eymdS2ZvAuQx_GH28xgap17UfzGP0FkVdlBRy4_qefM
salsaclack,eyJ0eXAiOiJKV1QiLCJhbGciOiJIUzI1NiJ9.eyJzdWIiOiJzYWxzYWNsYWNrIiwicm9sZXMiOlsiVVNFUiJdLCJpc3MiOiJhYmMiLCJleHAiOjE1NDYyOTI5OTgsImlhdCI6MTU0NjI5MTE5OH0.xMWtppneqWO1rnFzzkGTP_knrThTvUfekM3JqoQgsHE
kokohouxty,eyJ0eXAiOiJKV1QiLCJhbGciOiJIUzI1NiJ9.eyJzdWIiOiJrb2tvaG91eHR5Iiwicm9sZXMiOlsiVVNFUiJdLCJpc3MiOiJhYmMiLCJleHAiOjE1NDYyOTI5OTgsImlhdCI6MTU0NjI5MTE5OH0.5ZgSoksFpcSDcuOBV9W03Ih8JRt4yyvz_HV7fB48HMc
scrubbedglaisdale,eyJ0eXAiOiJKV1QiLCJhbGciOiJIUzI1NiJ9.eyJzdWIiOiJzY3J1YmJlZGdsYWlzZGFsZSIsInJvbGVzIjpbIlVTRVIiXSwiaXNzIjoiYWJjIiwiZXhwIjoxNTQ2MjkyOTk4LCJpYXQiOjE1NDYyOTExOTh9.ygTt8Fb4vcXAh8B__0ushukCdOBR4np7GS3p95Cw10E
germproofcherries,eyJ0eXAiOiJKV1QiLCJhbGciOiJIUzI1NiJ9.eyJzdWIiOiJnZXJtcHJvb2ZjaGVycmllcyIsInJvbGVzIjpbIlVTRVIiXSwiaXNzIjoiYWJjIiwiZXhwIjoxNTQ2MjkyOTk4LCJpYXQiOjE1NDYyOTExOTh9.TWHnlDrWjtuUgn7sP8UFQI_vVPnXpWiwanvvwr9IKlQ
admirablemouth,eyJ0eXAiOiJKV1QiLCJhbGciOiJIUzI1NiJ9.eyJzdWIiOiJhZG1pcmFibGVtb3V0aCIsInJvbGVzIjpbIlVTRVIiXSwiaXNzIjoiYWJjIiwiZXhwIjoxNTQ2MjkyOTk4LCJpYXQiOjE1NDYyOTExOTh9.Y89L-DSTPhh152-X62oRy3GdrWgbdgG3j-z_hQD3ZxU
bitbucketracism,eyJ0eXAiOiJKV1QiLCJhbGciOiJIUzI1NiJ9.eyJzdWIiOiJiaXRidWNrZXRyYWNpc20iLCJyb2xlcyI6WyJVU0VSIl0sImlzcyI6ImFiYyIsImV4cCI6MTU0NjI5Mjk5OCwiaWF0IjoxNTQ2MjkxMTk4fQ.GVKguSZsja5Ro-jO5Ag5wqUOdnL0GyKad-r4l4xdFiI
steamboatgame,eyJ0eXAiOiJKV1QiLCJhbGciOiJIUzI1NiJ9.eyJzdWIiOiJzdGVhbWJvYXRnYW1lIiwicm9sZXMiOlsiVVNFUiJdLCJpc3MiOiJhYmMiLCJleHAiOjE1NDYyOTI5OTgsImlhdCI6MTU0NjI5MTE5OH0.Heyf55kfmy21m6AA9rfRFuWa3G26k80jMo69JlyOIG0
daytimedweller,eyJ0eXAiOiJKV1QiLCJhbGciOiJIUzI1NiJ9.eyJzdWIiOiJkYXl0aW1lZHdlbGxlciIsInJvbGVzIjpbIlVTRVIiXSwiaXNzIjoiYWJjIiwiZXhwIjoxNTQ2MjkyOTk4LCJpYXQiOjE1NDYyOTExOTh9.zMgRnyeqRRcpbDJ5bo66R2VvekhAuO-ZGyKtkLfAmWY
bonnytowels,eyJ0eXAiOiJKV1QiLCJhbGciOiJIUzI1NiJ9.eyJzdWIiOiJib25ueXRvd2VscyIsInJvbGVzIjpbIlVTRVIiXSwiaXNzIjoiYWJjIiwiZXhwIjoxNTQ2MjkyOTk4LCJpYXQiOjE1NDYyOTExOTh9.Bssjsnug4PrPKbFsUI_I-hNDFCTSzsAtDY_5apitOMY
vinylgargantuan,eyJ0eXAiOiJKV1QiLCJhbGciOiJIUzI1NiJ9.eyJzdWIiOiJ2aW55bGdhcmdhbnR1YW4iLCJyb2xlcyI6WyJVU0VSIl0sImlzcyI6ImFiYyIsImV4cCI6MTU0NjI5Mjk5OCwiaWF0IjoxNTQ2MjkxMTk4fQ.Bglwlxs9fwx70smE7b7nqVVfe3whBMAYD4i6eTFSsZo
instrfoshan,eyJ0eXAiOiJKV1QiLCJhbGciOiJIUzI1NiJ9.eyJzdWIiOiJpbnN0cmZvc2hhbiIsInJvbGVzIjpbIlVTRVIiXSwiaXNzIjoiYWJjIiwiZXhwIjoxNTQ2MjkyOTk4LCJpYXQiOjE1NDYyOTExOTh9.nzgxT2IbPS2WOmmHxU7YU_-zgaBSHveQ5h7g8YN86fw
childrenupload,eyJ0eXAiOiJKV1QiLCJhbGciOiJIUzI1NiJ9.eyJzdWIiOiJjaGlsZHJlbnVwbG9hZCIsInJvbGVzIjpbIlVTRVIiXSwiaXNzIjoiYWJjIiwiZXhwIjoxNTQ2MjkyOTk4LCJpYXQiOjE1NDYyOTExOTh9.T58rXxisjEExX0K0YwIfGdIFFb0LEVaIw8rwQmi5K-0
studentlevitate,eyJ0eXAiOiJKV1QiLCJhbGciOiJIUzI1NiJ9.eyJzdWIiOiJzdHVkZW50bGV2aXRhdGUiLCJyb2xlcyI6WyJVU0VSIl0sImlzcyI6ImFiYyIsImV4cCI6MTU0NjI5Mjk5OCwiaWF0IjoxNTQ2MjkxMTk4fQ.79oSKVlFgny2XDIvZpS64t2ooE8YTtFJcaXcAQ1ESEg
levelhalley,eyJ0eXAiOiJKV1QiLCJhbGciOiJIUzI1NiJ9.eyJzdWIiOiJsZXZlbGhhbGxleSIsInJvbGVzIjpbIlVTRVIiXSwiaXNzIjoiYWJjIiwiZXhwIjoxNTQ2MjkyOTk4LCJpYXQiOjE1NDYyOTExOTh9.-wgsKMz80CBHzbZUJV-RiG8-9HhDRL3Qc9oOO88rPgo
mumpsdefective,eyJ0eXAiOiJKV1QiLCJhbGciOiJIUzI1NiJ9.eyJzdWIiOiJtdW1wc2RlZmVjdGl2ZSIsInJvbGVzIjpbIlVTRVIiXSwiaXNzIjoiYWJjIiwiZXhwIjoxNTQ2MjkyOTk4LCJpYXQiOjE1NDYyOTExOTh9.TGrQ37iioD4Ln-A6UviPt5GiFGWn4lV9zEn4vnuz7aU
buddrum,eyJ0eXAiOiJKV1QiLCJhbGciOiJIUzI1NiJ9.eyJzdWIiOiJidWRkcnVtIiwicm9sZXMiOlsiVVNFUiJdLCJpc3MiOiJhYmMiLCJleHAiOjE1NDYyOTI5OTgsImlhdCI6MTU0NjI5MTE5OH0.7ONGRBjrwe5h9yeMYuTMw77okZcJsQu9Ruf6lNI0Ig0
saskatchewanprocesses,eyJ0eXAiOiJKV1QiLCJhbGciOiJIUzI1NiJ9.eyJzdWIiOiJzYXNrYXRjaGV3YW5wcm9jZXNzZXMiLCJyb2xlcyI6WyJVU0VSIl0sImlzcyI6ImFiYyIsImV4cCI6MTU0NjI5Mjk5OCwiaWF0IjoxNTQ2MjkxMTk4fQ.pCU5qtH7aY4GrTRP2ZkwlhclbTCc6piWfg5Yq6ipN4Y
entrenchspreaning,eyJ0eXAiOiJKV1QiLCJhbGciOiJIUzI1NiJ9.eyJzdWIiOiJlbnRyZW5jaHNwcmVhbmluZyIsInJvbGVzIjpbIlVTRVIiXSwiaXNzIjoiYWJjIiwiZXhwIjoxNTQ2MjkyOTk4LCJpYXQiOjE1NDYyOTExOTh9.hLnjgX5VIMjLnkJhYwKSfaDNWN13QLwfEwAmXGXhWCc
downstairsfortune,eyJ0eXAiOiJKV1QiLCJhbGciOiJIUzI1NiJ9.eyJzdWIiOiJkb3duc3RhaXJzZm9ydHVuZSIsInJvbGVzIjpbIlVTRVIiXSwiaXNzIjoiYWJjIiwiZXhwIjoxNTQ2MjkyOTk4LCJpYXQiOjE1NDYyOTExOTh9.yP0uMuWruV3wlXCqhykNIRxxPFqTkigcP_CZIp4EH2c
humorlessmow,eyJ0eXAiOiJKV1QiLCJhbGciOiJIUzI1NiJ9.eyJzdWIiOiJodW1vcmxlc3Ntb3ciLCJyb2xlcyI6WyJVU0VSIl0sImlzcyI6ImFiYyIsImV4cCI6MTU0NjI5Mjk5OCwiaWF0IjoxNTQ2MjkxMTk4fQ.ZFd2VrhD1mGc36AgGOBASV-xUnZdD6V2iacO3BeTd0I
parallellansing,eyJ0eXAiOiJKV1QiLCJhbGciOiJIUzI1NiJ9.eyJzdWIiOiJwYXJhbGxlbGxhbnNpbmciLCJyb2xlcyI6WyJVU0VSIl0sImlzcyI6ImFiYyIsImV4cCI6MTU0NjI5Mjk5OCwiaWF0IjoxNTQ2MjkxMTk4fQ.3SHGw8h-6SO8ccksz9piqxUeGL0NfU3pY1CX2iHsIPM
scareyskull,eyJ0eXAiOiJKV1QiLCJhbGciOiJIUzI1NiJ9.eyJzdWIiOiJzY2FyZXlza3VsbCIsInJvbGVzIjpbIlVTRVIiXSwiaXNzIjoiYWJjIiwiZXhwIjoxNTQ2MjkyOTk4LCJpYXQiOjE1NDYyOTExOTh9.84EvWzaNRS3HNQh-rDBB7ai2iSlwoHZ1TYP6jnJdeeM
waalsmalestate,eyJ0eXAiOiJKV1QiLCJhbGciOiJIUzI1NiJ9.eyJzdWIiOiJ3YWFsc21hbGVzdGF0ZSIsInJvbGVzIjpbIlVTRVIiXSwiaXNzIjoiYWJjIiwiZXhwIjoxNTQ2MjkyOTk4LCJpYXQiOjE1NDYyOTExOTh9.DkXT9MTzeFfyi0WX3OYU_XxaphiLqHDmuofzc4KZxFg
onslaughtmolly,eyJ0eXAiOiJKV1QiLCJhbGciOiJIUzI1NiJ9.eyJzdWIiOiJvbnNsYXVnaHRtb2xseSIsInJvbGVzIjpbIlVTRVIiXSwiaXNzIjoiYWJjIiwiZXhwIjoxNTQ2MjkyOTk4LCJpYXQiOjE1NDYyOTExOTh9.Xb5-GTyJCQgnRMHza6zZ7nmrIJUo422M2eV6_QqEh78
shycarwinley,eyJ0eXAiOiJKV1QiLCJhbGciOiJIUzI1NiJ9.eyJzdWIiOiJzaHljYXJ3aW5sZXkiLCJyb2xlcyI6WyJVU0VSIl0sImlzcyI6ImFiYyIsImV4cCI6MTU0NjI5Mjk5OCwiaWF0IjoxNTQ2MjkxMTk4fQ.LjSf0NnOnK4AEcCWzaux2p9M9nWJ05Y9KHZp7rXlmfU
mastformulas,eyJ0eXAiOiJKV1QiLCJhbGciOiJIUzI1NiJ9.eyJzdWIiOiJtYXN0Zm9ybXVsYXMiLCJyb2xlcyI6WyJVU0VSIl0sImlzcyI6ImFiYyIsImV4cCI6MTU0NjI5Mjk5OCwiaWF0IjoxNTQ2MjkxMTk4fQ.pGtqGPbx4wFmCCn1MYj2WIU9xfPdflZp4Nb8Gp-c9HM
granitepicassa,eyJ0eXAiOiJKV1QiLCJhbGciOiJIUzI1NiJ9.eyJzdWIiOiJncmFuaXRlcGljYXNzYSIsInJvbGVzIjpbIlVTRVIiXSwiaXNzIjoiYWJjIiwiZXhwIjoxNTQ2MjkyOTk4LCJpYXQiOjE1NDYyOTExOTh9.IJeJ-FhJdCCWb4zX-4--68o-HYBFo_McHcys_8zv8ok
outsidecheerful,eyJ0eXAiOiJKV1QiLCJhbGciOiJIUzI1NiJ9.eyJzdWIiOiJvdXRzaWRlY2hlZXJmdWwiLCJyb2xlcyI6WyJVU0VSIl0sImlzcyI6ImFiYyIsImV4cCI6MTU0NjI5Mjk5OCwiaWF0IjoxNTQ2MjkxMTk4fQ.FK1pUuJZDWBivC0G58GcKfLWM5Ey2MPMIiDy6rAt-i8
wishjudiciary,eyJ0eXAiOiJKV1QiLCJhbGciOiJIUzI1NiJ9.eyJzdWIiOiJ3aXNoanVkaWNpYXJ5Iiwicm9sZXMiOlsiVVNFUiJdLCJpc3MiOiJhYmMiLCJleHAiOjE1NDYyOTI5OTgsImlhdCI6MTU0NjI5MTE5OH0.3NW2f6Qgj-KpnRUKmdPKdpIX26iXaYlxvqNYpT0PBKw
dizzyninetieth,eyJ0eXAiOiJKV1QiLCJhbGciOiJIUzI1NiJ9.eyJzdWIiOiJkaXp6eW5pbmV0aWV0aCIsInJvbGVzIjpbIlVTRVIiXSwiaXNzIjoiYWJjIiwiZXhwIjoxNTQ2MjkyOTk4LCJpYXQiOjE1NDYyOTExOTh9.qMEVMlCYybrV47qPWIf5B_TlWErTfd0HOONaVOuPwPA
gascrescent,eyJ0eXAiOiJKV1QiLCJhbGciOiJIUzI1NiJ9.eyJzdWIiOiJnYXNjcmVzY2VudCIsInJvbGVzIjpbIlVTRVIiXSwiaXNzIjoiYWJjIiwiZXhwIjoxNTQ2MjkyOTk4LCJpYXQiOjE1NDYyOTExOTh9.aIK_9WjbEQQsmCE9CCsGlLjPoQqmuGoGpt3bgyH9Re0
reactionamble,eyJ0eXAiOiJKV1QiLCJhbGciOiJIUzI1NiJ9.eyJzdWIiOiJyZWFjdGlvbmFtYmxlIiwicm9sZXMiOlsiVVNFUiJdLCJpc3MiOiJhYmMiLCJleHAiOjE1NDYyOTI5OTgsImlhdCI6MTU0NjI5MTE5OH0.oJEqDCFpfWe3ySNMhetyATVFa0XP6jCQ1tG4PRVku6o
climateeffort,eyJ0eXAiOiJKV1QiLCJhbGciOiJIUzI1NiJ9.eyJzdWIiOiJjbGltYXRlZWZmb3J0Iiwicm9sZXMiOlsiVVNFUiJdLCJpc3MiOiJhYmMiLCJleHAiOjE1NDYyOTI5OTgsImlhdCI6MTU0NjI5MTE5OH0.TW4CC_2jWhA69_rUwgG0fdkEGbqXu-W25EUByA5B-8g
overshootslither,eyJ0eXAiOiJKV1QiLCJhbGciOiJIUzI1NiJ9.eyJzdWIiOiJvdmVyc2hvb3RzbGl0aGVyIiwicm9sZXMiOlsiVVNFUiJdLCJpc3MiOiJhYmMiLCJleHAiOjE1NDYyOTI5OTgsImlhdCI6MTU0NjI5MTE5OH0.3ybWNCLL4yZXNvqDeRt_fiTiTk36EQhJ8gL39cpEtkU
sneezinganywhere,eyJ0eXAiOiJKV1QiLCJhbGciOiJIUzI1NiJ9.eyJzdWIiOiJzbmVlemluZ2FueXdoZXJlIiwicm9sZXMiOlsiVVNFUiJdLCJpc3MiOiJhYmMiLCJleHAiOjE1NDYyOTI5OTgsImlhdCI6MTU0NjI5MTE5OH0.tYbUCtoyGJLrfOlV9zdlm2JVu59YczKTsIwkv7O-uxw
brennandalchemy,eyJ0eXAiOiJKV1QiLCJhbGciOiJIUzI1NiJ9.eyJzdWIiOiJicmVubmFuZGFsY2hlbXkiLCJyb2xlcyI6WyJVU0VSIl0sImlzcyI6ImFiYyIsImV4cCI6MTU0NjI5Mjk5OCwiaWF0IjoxNTQ2MjkxMTk4fQ.YhIMVK8XVFJbm6Nuh-SsK0eVjOe4SVdnueQQYtmFPL8
sconnyspray,eyJ0eXAiOiJKV1QiLCJhbGciOiJIUzI1NiJ9.eyJzdWIiOiJzY29ubnlzcHJheSIsInJvbGVzIjpbIlVTRVIiXSwiaXNzIjoiYWJjIiwiZXhwIjoxNTQ2MjkyOTk4LCJpYXQiOjE1NDYyOTExOTh9.ExIZS_SmfbeuA1-NhdNold5LCL65CTBzjs-_nEANwf4
shutgreenfield,eyJ0eXAiOiJKV1QiLCJhbGciOiJIUzI1NiJ9.eyJzdWIiOiJzaHV0Z3JlZW5maWVsZCIsInJvbGVzIjpbIlVTRVIiXSwiaXNzIjoiYWJjIiwiZXhwIjoxNTQ2MjkyOTk4LCJpYXQiOjE1NDYyOTExOTh9.xGQRjpjpbiI7Gn_Gn8qfpVLg064Q_tPl7gm4HasZsGM
slipcortaid,eyJ0eXAiOiJKV1QiLCJhbGciOiJIUzI1NiJ9.eyJzdWIiOiJzbGlwY29ydGFpZCIsInJvbGVzIjpbIlVTRVIiXSwiaXNzIjoiYWJjIiwiZXhwIjoxNTQ2MjkyOTk4LCJpYXQiOjE1NDYyOTExOTh9.G_dbBz254RKd3ZpqhVNUPpzFXGU0U8DJFjOGe5H1tQw
alohacraftily,eyJ0eXAiOiJKV1QiLCJhbGciOiJIUzI1NiJ9.eyJzdWIiOiJhbG9oYWNyYWZ0aWx5Iiwicm9sZXMiOlsiVVNFUiJdLCJpc3MiOiJhYmMiLCJleHAiOjE1NDYyOTI5OTgsImlhdCI6MTU0NjI5MTE5OH0.KEWzenfjxWir5IUod2nWzSxHgbM1aLg1fKyAnnX58V0
immaterialgullible,eyJ0eXAiOiJKV1QiLCJhbGciOiJIUzI1NiJ9.eyJzdWIiOiJpbW1hdGVyaWFsZ3VsbGlibGUiLCJyb2xlcyI6WyJVU0VSIl0sImlzcyI6ImFiYyIsImV4cCI6MTU0NjI5Mjk5OCwiaWF0IjoxNTQ2MjkxMTk4fQ.eJsDrQ1ndQfbistQLgSZ2zrdlXVNNCBnDWGKvDPHalE
margarinegem,eyJ0eXAiOiJKV1QiLCJhbGciOiJIUzI1NiJ9.eyJzdWIiOiJtYXJnYXJpbmVnZW0iLCJyb2xlcyI6WyJVU0VSIl0sImlzcyI6ImFiYyIsImV4cCI6MTU0NjI5Mjk5OCwiaWF0IjoxNTQ2MjkxMTk4fQ.wqJh2aMNrwJ1QSJg_tShWKcqO_Z7S6WY107f_-h048Y
impotenceallocates,eyJ0eXAiOiJKV1QiLCJhbGciOiJIUzI1NiJ9.eyJzdWIiOiJpbXBvdGVuY2VhbGxvY2F0ZXMiLCJyb2xlcyI6WyJVU0VSIl0sImlzcyI6ImFiYyIsImV4cCI6MTU0NjI5Mjk5OCwiaWF0IjoxNTQ2MjkxMTk4fQ.KkuTva355CGCelInHUVmzEwOmGzNw_q9eHVSQCk80j8
samsungbarsad,eyJ0eXAiOiJKV1QiLCJhbGciOiJIUzI1NiJ9.eyJzdWIiOiJzYW1zdW5nYmFyc2FkIiwicm9sZXMiOlsiVVNFUiJdLCJpc3MiOiJhYmMiLCJleHAiOjE1NDYyOTI5OTgsImlhdCI6MTU0NjI5MTE5OH0.j9EiVpkEvKMGlWzI4oMmPynSBPKC4-u6Q3GEBYi7iSM
shackcolobus,eyJ0eXAiOiJKV1QiLCJhbGciOiJIUzI1NiJ9.eyJzdWIiOiJzaGFja2NvbG9idXMiLCJyb2xlcyI6WyJVU0VSIl0sImlzcyI6ImFiYyIsImV4cCI6MTU0NjI5Mjk5OCwiaWF0IjoxNTQ2MjkxMTk4fQ.fZA_6eucpRlH8zfm8FaClH7kzJMcQs-Vam6ePYle9Vs
reactivewheat,eyJ0eXAiOiJKV1QiLCJhbGciOiJIUzI1NiJ9.eyJzdWIiOiJyZWFjdGl2ZXdoZWF0Iiwicm9sZXMiOlsiVVNFUiJdLCJpc3MiOiJhYmMiLCJleHAiOjE1NDYyOTI5OTgsImlhdCI6MTU0NjI5MTE5OH0.tCcTwd1BgxkaKg0r5_LTIgGlre3mCF5WrxsgJKi4AGo
vinestrillion,eyJ0eXAiOiJKV1QiLCJhbGciOiJIUzI1NiJ9.eyJzdWIiOiJ2aW5lc3RyaWxsaW9uIiwicm9sZXMiOlsiVVNFUiJdLCJpc3MiOiJhYmMiLCJleHAiOjE1NDYyOTI5OTgsImlhdCI6MTU0NjI5MTE5OH0.glxXkWsloqdx7gAkn0yEoD7AJ6nG4Ygz5jlLK6Qkyb8
compostdreary,eyJ0eXAiOiJKV1QiLCJhbGciOiJIUzI1NiJ9.eyJzdWIiOiJjb21wb3N0ZHJlYXJ5Iiwicm9sZXMiOlsiVVNFUiJdLCJpc3MiOiJhYmMiLCJleHAiOjE1NDYyOTI5OTgsImlhdCI6MTU0NjI5MTE5OH0.swQR4-SmjhkxkrT6IwWgVxb4zh5GyUcIU0k78QmMv1k
peedleshypnotic,eyJ0eXAiOiJKV1QiLCJhbGciOiJIUzI1NiJ9.eyJzdWIiOiJwZWVkbGVzaHlwbm90aWMiLCJyb2xlcyI6WyJVU0VSIl0sImlzcyI6ImFiYyIsImV4cCI6MTU0NjI5Mjk5OCwiaWF0IjoxNTQ2MjkxMTk4fQ.QhQYLhqpeP8h9oVMrSvjrXYyDVbIh0l5tghmc75UW6g
harmlesschirm,eyJ0eXAiOiJKV1QiLCJhbGciOiJIUzI1NiJ9.eyJzdWIiOiJoYXJtbGVzc2NoaXJtIiwicm9sZXMiOlsiVVNFUiJdLCJpc3MiOiJhYmMiLCJleHAiOjE1NDYyOTI5OTgsImlhdCI6MTU0NjI5MTE5OH0.v7RBACweqRTex3wf0IG_OyEfxXZG79urGHG5aMy7m1w
strainedpoo,eyJ0eXAiOiJKV1QiLCJhbGciOiJIUzI1NiJ9.eyJzdWIiOiJzdHJhaW5lZHBvbyIsInJvbGVzIjpbIlVTRVIiXSwiaXNzIjoiYWJjIiwiZXhwIjoxNTQ2MjkyOTk4LCJpYXQiOjE1NDYyOTExOTh9.nMgGlm6elyfITVoRQI5x64-xfgTNRBVcmsysts6q-MI
chaseaflame,eyJ0eXAiOiJKV1QiLCJhbGciOiJIUzI1NiJ9.eyJzdWIiOiJjaGFzZWFmbGFtZSIsInJvbGVzIjpbIlVTRVIiXSwiaXNzIjoiYWJjIiwiZXhwIjoxNTQ2MjkyOTk4LCJpYXQiOjE1NDYyOTExOTh9.nsmn6yyik8Bhn9wTgP5ur90mGYv_Q3O4rcp788Jn_h0
carouselplups,eyJ0eXAiOiJKV1QiLCJhbGciOiJIUzI1NiJ9.eyJzdWIiOiJjYXJvdXNlbHBsdXBzIiwicm9sZXMiOlsiVVNFUiJdLCJpc3MiOiJhYmMiLCJleHAiOjE1NDYyOTI5OTgsImlhdCI6MTU0NjI5MTE5OH0.e1bv8JassBDVnblad5kNc65pwunEyY1MFC1qqIA3n6w
neathalting,eyJ0eXAiOiJKV1QiLCJhbGciOiJIUzI1NiJ9.eyJzdWIiOiJuZWF0aGFsdGluZyIsInJvbGVzIjpbIlVTRVIiXSwiaXNzIjoiYWJjIiwiZXhwIjoxNTQ2MjkyOTk4LCJpYXQiOjE1NDYyOTExOTh9.s2c4eGpHTMg6tVtSUiM3M3Vg62t4SvGUjJG5AofivAs
yawningrisk,eyJ0eXAiOiJKV1QiLCJhbGciOiJIUzI1NiJ9.eyJzdWIiOiJ5YXduaW5ncmlzayIsInJvbGVzIjpbIlVTRVIiXSwiaXNzIjoiYWJjIiwiZXhwIjoxNTQ2MjkyOTk4LCJpYXQiOjE1NDYyOTExOTh9.-pLRV6H5qqXvgpZClvkBsh53hVCtTbGJYuYE_aytINA
twelveoverprice,eyJ0eXAiOiJKV1QiLCJhbGciOiJIUzI1NiJ9.eyJzdWIiOiJ0d2VsdmVvdmVycHJpY2UiLCJyb2xlcyI6WyJVU0VSIl0sImlzcyI6ImFiYyIsImV4cCI6MTU0NjI5Mjk5OCwiaWF0IjoxNTQ2MjkxMTk4fQ.TELX0KvPWfzSroadiNFi7cPDgs1SYQv6G6pAi4EfG_4
matchstickaroused,eyJ0eXAiOiJKV1QiLCJhbGciOiJIUzI1NiJ9.eyJzdWIiOiJtYXRjaHN0aWNrYXJvdXNlZCIsInJvbGVzIjpbIlVTRVIiXSwiaXNzIjoiYWJjIiwiZXhwIjoxNTQ2MjkyOTk4LCJpYXQiOjE1NDYyOTExOTh9.Ek_gvYsBxpEpdSwuIjBdwh4nYJ4ad6xrOh8FtSlV-wM
snowboundwrecking,eyJ0eXAiOiJKV1QiLCJhbGciOiJIUzI1NiJ9.eyJzdWIiOiJzbm93Ym91bmR3cmVja2luZyIsInJvbGVzIjpbIlVTRVIiXSwiaXNzIjoiYWJjIiwiZXhwIjoxNTQ2MjkyOTk4LCJpYXQiOjE1NDYyOTExOTh9.0xBfRJ7blUYIqiYYjNd0RdH4abJMCVXyaa-5jt8CdbY
dualactivate,eyJ0eXAiOiJKV1QiLCJhbGciOiJIUzI1NiJ9.eyJzdWIiOiJkdWFsYWN0aXZhdGUiLCJyb2xlcyI6WyJVU0VSIl0sImlzcyI6ImFiYyIsImV4cCI6MTU0NjI5Mjk5OCwiaWF0IjoxNTQ2MjkxMTk4fQ.TD9GNxppBztvNrQTIohToPEDPZAb2JDEHYwccYgG31g
frailtrumpet,eyJ0eXAiOiJKV1QiLCJhbGciOiJIUzI1NiJ9.eyJzdWIiOiJmcmFpbHRydW1wZXQiLCJyb2xlcyI6WyJVU0VSIl0sImlzcyI6ImFiYyIsImV4cCI6MTU0NjI5Mjk5OCwiaWF0IjoxNTQ2MjkxMTk4fQ.mzf-PmKBAG_jfNiOmxsKrKpuiHpl33p_zgCzWRXdfC8
stationaryrussel,eyJ0eXAiOiJKV1QiLCJhbGciOiJIUzI1NiJ9.eyJzdWIiOiJzdGF0aW9uYXJ5cnVzc2VsIiwicm9sZXMiOlsiVVNFUiJdLCJpc3MiOiJhYmMiLCJleHAiOjE1NDYyOTI5OTgsImlhdCI6MTU0NjI5MTE5OH0.KFMGSKBurxA2ME5Bn0lhSZKjg5Ge2GlD6nvmz9T58DE
massagerchewy,eyJ0eXAiOiJKV1QiLCJhbGciOiJIUzI1NiJ9.eyJzdWIiOiJtYXNzYWdlcmNoZXd5Iiwicm9sZXMiOlsiVVNFUiJdLCJpc3MiOiJhYmMiLCJleHAiOjE1NDYyOTI5OTgsImlhdCI6MTU0NjI5MTE5OH0.XqhFvy-puAeMaKxuQkp5WHTCPbx07HwqrF0e3-3WrzM
belleuncorrupt,eyJ0eXAiOiJKV1QiLCJhbGciOiJIUzI1NiJ9.eyJzdWIiOiJiZWxsZXVuY29ycnVwdCIsInJvbGVzIjpbIlVTRVIiXSwiaXNzIjoiYWJjIiwiZXhwIjoxNTQ2MjkyOTk4LCJpYXQiOjE1NDYyOTExOTh9.eHv0INJmDL6Wm7uedyzgHXqqEW0yh90obom5U7YE5kM
responsibilitybidoigt,eyJ0eXAiOiJKV1QiLCJhbGciOiJIUzI1NiJ9.eyJzdWIiOiJyZXNwb25zaWJpbGl0eWJpZG9pZ3QiLCJyb2xlcyI6WyJVU0VSIl0sImlzcyI6ImFiYyIsImV4cCI6MTU0NjI5Mjk5OCwiaWF0IjoxNTQ2MjkxMTk4fQ.QCtm6afV9Zs7TNOlyLJCYgy5CeO6IJ6iVSy4Ni1L9YU
wooltillite,eyJ0eXAiOiJKV1QiLCJhbGciOiJIUzI1NiJ9.eyJzdWIiOiJ3b29sdGlsbGl0ZSIsInJvbGVzIjpbIlVTRVIiXSwiaXNzIjoiYWJjIiwiZXhwIjoxNTQ2MjkyOTk4LCJpYXQiOjE1NDYyOTExOTh9.DwW6VtsQeBfu5OV31RWxfschLqlVm9Ztblj-RNegnMs
ammunitionjam,eyJ0eXAiOiJKV1QiLCJhbGciOiJIUzI1NiJ9.eyJzdWIiOiJhbW11bml0aW9uamFtIiwicm9sZXMiOlsiVVNFUiJdLCJpc3MiOiJhYmMiLCJleHAiOjE1NDYyOTI5OTgsImlhdCI6MTU0NjI5MTE5OH0.kr5JIGhGEUYADDPa4GvQq6oeik8S17NwURG6QZ3B9qI
bedtimesmasher,eyJ0eXAiOiJKV1QiLCJhbGciOiJIUzI1NiJ9.eyJzdWIiOiJiZWR0aW1lc21hc2hlciIsInJvbGVzIjpbIlVTRVIiXSwiaXNzIjoiYWJjIiwiZXhwIjoxNTQ2MjkyOTk4LCJpYXQiOjE1NDYyOTExOTh9.aUYM0CKoQc64K3lwBlBHd7lIbAaXJTG_C4HtdvuaLTY
hadeccentric,eyJ0eXAiOiJKV1QiLCJhbGciOiJIUzI1NiJ9.eyJzdWIiOiJoYWRlY2NlbnRyaWMiLCJyb2xlcyI6WyJVU0VSIl0sImlzcyI6ImFiYyIsImV4cCI6MTU0NjI5Mjk5OCwiaWF0IjoxNTQ2MjkxMTk4fQ.hb-ri55rHsq3AUxWL1tu_NAIX7bCISr2u_CsyzD__tE
degreesprivate,eyJ0eXAiOiJKV1QiLCJhbGciOiJIUzI1NiJ9.eyJzdWIiOiJkZWdyZWVzcHJpdmF0ZSIsInJvbGVzIjpbIlVTRVIiXSwiaXNzIjoiYWJjIiwiZXhwIjoxNTQ2MjkyOTk4LCJpYXQiOjE1NDYyOTExOTh9.qvd0M3IYnAtU1s2X1uyKGMNuRCspB2s1a56TcWIGCrQ
dingyrework,eyJ0eXAiOiJKV1QiLCJhbGciOiJIUzI1NiJ9.eyJzdWIiOiJkaW5neXJld29yayIsInJvbGVzIjpbIlVTRVIiXSwiaXNzIjoiYWJjIiwiZXhwIjoxNTQ2MjkyOTk4LCJpYXQiOjE1NDYyOTExOTh9.FCSyptHU-xCHHdfLNYhCCgJUQ8RSep1OaoPNi-iblwE
boyishbummer,eyJ0eXAiOiJKV1QiLCJhbGciOiJIUzI1NiJ9.eyJzdWIiOiJib3lpc2hidW1tZXIiLCJyb2xlcyI6WyJVU0VSIl0sImlzcyI6ImFiYyIsImV4cCI6MTU0NjI5Mjk5OCwiaWF0IjoxNTQ2MjkxMTk4fQ.UwQGdxOyZsoXSHwg2fmQLTl35ckrC94ekilwOqEqIDM
reactanttemple,eyJ0eXAiOiJKV1QiLCJhbGciOiJIUzI1NiJ9.eyJzdWIiOiJyZWFjdGFudHRlbXBsZSIsInJvbGVzIjpbIlVTRVIiXSwiaXNzIjoiYWJjIiwiZXhwIjoxNTQ2MjkyOTk4LCJpYXQiOjE1NDYyOTExOTh9.t4wgMfqZmErjqo6vbE_xvPDuMOa92kRoWuPThgrbFf8
stripidentity,eyJ0eXAiOiJKV1QiLCJhbGciOiJIUzI1NiJ9.eyJzdWIiOiJzdHJpcGlkZW50aXR5Iiwicm9sZXMiOlsiVVNFUiJdLCJpc3MiOiJhYmMiLCJleHAiOjE1NDYyOTI5OTgsImlhdCI6MTU0NjI5MTE5OH0.lF-QOfrgTOGE0lh0KKvzHolMdjiQDMGV5hrU5iazx54
bargainmons,eyJ0eXAiOiJKV1QiLCJhbGciOiJIUzI1NiJ9.eyJzdWIiOiJiYXJnYWlubW9ucyIsInJvbGVzIjpbIlVTRVIiXSwiaXNzIjoiYWJjIiwiZXhwIjoxNTQ2MjkyOTk4LCJpYXQiOjE1NDYyOTExOTh9.Tzx1Qpw23iJqadvl_3KFnQdhb5lwHajxymmPZnGpHHI
ronoprimes,eyJ0eXAiOiJKV1QiLCJhbGciOiJIUzI1NiJ9.eyJzdWIiOiJyb25vcHJpbWVzIiwicm9sZXMiOlsiVVNFUiJdLCJpc3MiOiJhYmMiLCJleHAiOjE1NDYyOTI5OTgsImlhdCI6MTU0NjI5MTE5OH0.2LN7AaitrPLPfXzbcO-aF01tsGlDnKFeOWq3qlkWEEc
surroundsaa,eyJ0eXAiOiJKV1QiLCJhbGciOiJIUzI1NiJ9.eyJzdWIiOiJzdXJyb3VuZHNhYSIsInJvbGVzIjpbIlVTRVIiXSwiaXNzIjoiYWJjIiwiZXhwIjoxNTQ2MjkyOTk4LCJpYXQiOjE1NDYyOTExOTh9.OXYaGVfCVozVALQSAVFl-L0sL2LlryTLtJxnmF_MgcA