seed_phrase,address,viewing_key,ivk
"HexSeed:8f27f98284d1bbf38b15743386c1f7556e65013c41301c5a1587d2d77589fb4f","yregtestsapling166yakhn38nhmcmk00hqnd4r6h9xtd2vn8z05gtuh699jsw7mt8tjhygujkrty7fm9k7fchywtrt","zxviewregtestsapling1qwejkc3fqqqqpqx9acx3f9fnall0r6gqlh9she9udfnlqdw6ksequmvr4c3sx53q9xug55aeu4n795ack6u0fsgajv9e4f739h5s45g39ehf43hx52dtvwflrlm98aayvurzuaypcdqwxue4vav85rd5lsrg9jfzph6qfgts4k9y5a645yzlmjdssemxcke9dh47yfhffsx3mnnth87rz7xntj5yj4cnflhgjkedq49ck3wf9ww4atr6j479jxftrcj64nacxg48z3chs67wt","zivkregtestsapling1k469fcy9vz2kz7qsv7hls793r4xsafk6dcqurljg38tq3e5h2upsjnrn6r"
"HexSeed:7e6451e08c0afdf3e3b2cd0d4b7352c39674af7bf5d73c7e4812ae374019a3a1","yregtestsapling1r7pt43f7sdeq2a4078ytpym3lwk3gpwd6y9mtq4723apjnk08nd0tjs6h64wx4srnpyxzq76zgk","zxviewregtestsapling1qdlzcrwgqqqqpqxfw0fw5y5dcrmrw87dzysqm4864nrvva3y9a36qr67tahlqkzsd42dlazy68qezrf8zgf3hruvclaw6j3fmxw2zxezk3u9t6hdnaxqj8meqm2d8pp7gu5v0vqyj96frlvryga8y3xj2hdsmgj4xtckptcdzee6wkmrc787ltrhhd4vsv0fp82ju44jg9z5rgtlnk6snk6xh653tfn3rs0nxv852nh4x5epr39fwtsstrtf5t9x5p95pfyprwp5uvq4s9pql","zivkregtestsapling12ftxqyss2qy3t7juf4crz32xg25xgtfyr4r958zlpkzwg5vgh5rqpjhdq5"
"HexSeed:4a27d07563bc563cdab533dbccdd2e69585ad2743db614d5beab9ed7894d2667","yregtestsapling162lmvazzd86sa8r63jut7gv9tekaz49dn6cggkr7dahxp83jedfu8w7vxcuzvrufpd4wsfn6ndd","zxviewregtestsapling1qvmf05ffqqqqpqpzl0uc835tyv0jqlfk06dt22q24mwtgqnr5g4qlwyxastadn5p4lc02weer09yud0fp0z9wnwjft2m4h57k0y35hughjeu04lygc73mjzd50djr99rlwzt9gnwwsnvjqx23xh3mktm99rspm54jmyuchmqw8dh905ut6jdq3k5ufvnn2tua40rxaf4ez8zlrrfpdl4v0y5qs0j9r6em3jepq88h5prn0ldkk5wn4w5093tvgp7spqe7epmcw3c67qx8j5xy","zivkregtestsapling1gef8hct6pfgjcx6zctlwrwe636rghecrzcfnz5vwdh2jdhtja5qqwdjtcl"
"HexSeed:70cae96bae46cdaf4bee8a020871ff4c18fb89214a69236840c099483f4b34c8","yregtestsapling1p4leqy4cx8acallgjtwy4gud7y65t8uzvek2ssmqtylm3zuvdy3l2zcedsc8d6q62hn27p0r0d9","zxviewregtestsapling1qdja7fyqqqqqpqzd2j29kxw8pxwyqvx2zlpwvaekw82d5m9nt80hnhckfj6cf9qtyte8k7j4x6ytqupg88np9tdep0a0dt5xzpdnnx2vkwv0u0fhk2xmzypw945kch59h22e487qg47ktunpq3f0h9hdds48l0wmjdmeze4z70q3dgmrsdgcy2fpy8n5ve8w4ldwn98vzszctfak3j4hur6hzd96tkgx6wtw5e0h7hva9n6ergm7stfd49cm6zd9nqtjq3u04ewy6dced72v3","zivkregtestsapling1uwds34mw7lalmlcfs3vxu0qwlhdmytqfz3fd46q33ay8nq8kn5rs6qtgwp"
"HexSeed:6832b62f42e069665982836a6966edb73a04b65fc5eb1d8a3002e2e2f1bb51ba","yregtestsapling1t6jm9ydu2rzg08mcjpqz6e2ppmxqn0p96f2u7ql6lwnrvwh6ycwpxh29xhjtt6maqzwk20pdzla","zxviewregtestsapling1q0dcljxhqqqqpqyv9drqnsfuv7uphqwpsugxwfcq8c06ghcep349wpk0x3k09j7mt02chdcqskqphr2ts9dafjgg5pnxznaw7y8ndvu958k87wmrc2pmsdvufelqh6agdgl0w68s3urxr647d0q3w7cn7kxd6n4828r6wquezhy6337qdtksfejks3p0qepmt27lsp36v492vuvza479uhmef7whzdt5x402v4rxhu8x6cc3s8u3ukpdkqtyjktvh2tvkgk99dpylqq64pylf","zivkregtestsapling1fkwvulhdt6ag02794wg9ch7a9djx0xc957hxevznc6njlff8kurs0fnnwk"
"HexSeed:51725d68dd4ad140c20a2cbf4e387f802743efe18d93154927e0f4047ca66066","yregtestsapling1z0evynsu7xzvdtue8thkvruhqwxhqj662ajfdreg32fqzwumg2gyuln9a46dqhw6nvurvul3fqq","zxviewregtestsapling1qdn4g8cyqqqqpqzhqjvxym3k8c3g2pt0ndhe6durahd5jvgy4x4rx77ux6654gelkx4fgsnzkrqkkylvpvkwatj69e06t7zk5kvr7765cqtc5jdkdxmuwrugeyt8qg8xcgdd964y3j4s2zv2sg7065g4ru2twr8pmay9dcsulv4mfr080cnl3chdy4c66qugastx402p0cxqnq23ewlwazzjaep9k3slpsghs4mzjtm52yk8k3yj430d3zr3tepfyhk5mnwcc95lfkgqaw0z5","zivkregtestsapling190r8gzfwp5s2q7lmdwnpu6gdqs4cf46mem54fmnc0e9j9wqr7yzsh8x9qh"
"HexSeed:cf0f9cf6ead1bde0d6fa16d151cf24539d7a902d60379581ac1ba7e57599fca1","yregtestsapling162kc077g9rhdjh3vk8yfn89kflyxgt4d2ak6me7vvw0ca2uxuu8848yy8ad9je060nwzzmuasas","zxviewregtestsapling1q0yk0efsqqqqpqpy6uzt2xs6z50cn8y4tggvktzc7j6aec968m6rxfxmrchmrv8wqqgptagn02g8ewza5fwx97677cwjyxsneh4jgrlwmeuvng434469ccas6sflmgvq4jskd837g5twzsl3ug7xenpw59en9hk2p2373nc34g0thsj6m6qeudzn360uk259f4tf4jtfzrcuqt464gh3twhyynjdjkdsyldulnql9z356yf3m6ytdersj4smuu3g8hfh9j93pvukexqlhp9vv","zivkregtestsapling1q97h4nual39z2y3se3gkdkmuajvvpg2t3up3urwsqez2vpvfpuqs6dhy58"
"HexSeed:da4b10b72a42385307a3c377f0679d3ffe86f4fb878ab30ec2061ab9489fad3a","yregtestsapling10wnnsaclntnnya64rd2y0yp8e46vt83lcm6enh45nxsvwlzf6r20jnhqtuu795rgx5rqjef88u8","zxviewregtestsapling1qvgsh25jqqqqpqpw9nqr9v3spx9y935dqw8zpaadamxrmyrkd2uhl62ptu8rgtztk9rw0l49faxsarw8w77j3ls0dyr86458dr8r2v6xq5me47x3zcup7q9xz2w0vgcd4ycj23k6slnrxrhuc4s6hs7r8s8sctq2h55ndllwf3537ra3ektdc7we8gk35w0xg8nkfgg8kz7jxvc37sk3sleaw7u4vvxs9h5a0tfq3qhr7z6nw3pwe76wwfnvep2lsarp8su3dhmscgqmc6lf8","zivkregtestsapling19jhdyyeqs20g7axqmsawv9zvet8974gfdqfwapwl69acu669rgrq93849u"
"HexSeed:87020af58bdb45118d166dc6c9fafb51293fcac72c47589565fe41160c48ad3e","yregtestsapling136tqjutkx32txmjrafkf47xyc85yx0k83e90al5326awh8u6jz7l2xy4fve4etvcxu6qg7um2yn","zxviewregtestsapling1qdm9hx06qqqqpqzd96yx5ulymr2neex8ej4xppgw99zazkmjpjz2rugyeecmgrhflcn3rxnpx6w33pky5qhpmv2kq4zcp7qgw9f4de55tlh0mlnd3vgv5e4h882830f9t20vf9ecgmsvhvhqzv7dpllz4f2phmrqhgtlqrnnh20nkcpf6e53t44sxt92spphrrzhut2w90y4hx5v478r63xmhf2ce5h8fz05rn02mtuyuafnk6mg9uzgsxuyyn5zamxsdl7jqkhkuzqpumdse","zivkregtestsapling1wp27a0gh0v3snt4c5u7gzadppa5nu6j4s23fhs05wz047lstsyqqy0k7r8"
